GISJOIN,YEAR,COUNTY,POPULATION
G0100010,1940,Autauga,20977
G0100030,1940,Baldwin,32324
G0100050,1940,Barbour,32722
G0100070,1940,Bibb,20155
G0100090,1940,Blount,29490
G0100110,1940,Bullock,19810
G0100130,1940,Butler,32447
G0100150,1940,Calhoun,63319
G0100170,1940,Chambers,42146
G0100190,1940,Cherokee,19928
G0100210,1940,Chilton,27955
G0100230,1940,Choctaw,20195
G0100250,1940,Clarke,27636
G0100270,1940,Clay,16907
G0100290,1940,Cleburne,13629
G0100310,1940,Coffee,31987
G0100330,1940,Colbert,34093
G0100350,1940,Conecuh,25489
G0100370,1940,Coosa,13460
G0100390,1940,Covington,42417
G0100410,1940,Crenshaw,23631
G0100430,1940,Cullman,47343
G0100450,1940,Dale,22685
G0100470,1940,Dallas,55245
G0100490,1940,DeKalb,43075
G0100510,1940,Elmore,34546
G0100530,1940,Escambia,30671
G0100550,1940,Etowah,72580
G0100570,1940,Fayette,21651
G0100590,1940,Franklin,27552
G0100610,1940,Geneva,29172
G0100630,1940,Greene,19185
G0100650,1940,Hale,25533
G0100670,1940,Henry,21912
G0100690,1940,Houston,45665
G0100710,1940,Jackson,41802
G0100730,1940,Jefferson,459930
G0100750,1940,Lamar,19708
G0100770,1940,Lauderdale,46230
G0100790,1940,Lawrence,27880
G0100810,1940,Lee,36455
G0100830,1940,Limestone,35642
G0100850,1940,Lowndes,22661
G0100870,1940,Macon,27654
G0100890,1940,Madison,66317
G0100910,1940,Marengo,35736
G0100930,1940,Marion,28776
G0100950,1940,Marshall,42395
G0100970,1940,Mobile,141974
G0100990,1940,Monroe,29465
G0101010,1940,Montgomery,114420
G0101030,1940,Morgan,48148
G0101050,1940,Perry,26610
G0101070,1940,Pickens,27671
G0101090,1940,Pike,32493
G0101110,1940,Randolph,25516
G0101130,1940,Russell,35775
G0101150,1940,St Clair,27336
G0101170,1940,Shelby,28962
G0101190,1940,Sumter,27321
G0101210,1940,Talladega,51832
G0101230,1940,Tallapoosa,35270
G0101250,1940,Tuscaloosa,76036
G0101270,1940,Walker,64201
G0101290,1940,Washington,16188
G0101310,1940,Wilcox,26279
G0101330,1940,Winston,18746
G0250015,1940,First Judicial Dist,25241
G0250035,1940,Fourth Judicial Dist,16094
G0250075,1940,Second Judicial Dist,11877
G0250115,1940,Third Judicial Dist,19312
G0400010,1940,Apache,24095
G0400030,1940,Cochise,34627
G0400050,1940,Coconino,18770
G0400070,1940,Gila,23867
G0400090,1940,Graham,12113
G0400110,1940,Greenlee,8698
G0400130,1940,Maricopa,186193
G0400150,1940,Mohave,8591
G0400170,1940,Navajo,25309
G0400190,1940,Pima,72838
G0400210,1940,Pinal,28841
G0400230,1940,Santa Cruz,9482
G0400250,1940,Yavapai,26511
G0400270,1940,Yuma,19326
G0500010,1940,Arkansas,24437
G0500030,1940,Ashley,26785
G0500050,1940,Baxter,10281
G0500070,1940,Benton,36148
G0500090,1940,Boone,15860
G0500110,1940,Bradley,18097
G0500130,1940,Calhoun,9636
G0500150,1940,Carroll,14737
G0500170,1940,Chicot,27452
G0500190,1940,Clark,24402
G0500210,1940,Clay,28386
G0500230,1940,Cleburne,13134
G0500250,1940,Cleveland,12570
G0500270,1940,Columbia,29822
G0500290,1940,Conway,21536
G0500310,1940,Craighead,47200
G0500330,1940,Crawford,23920
G0500350,1940,Crittenden,42473
G0500370,1940,Cross,26046
G0500390,1940,Dallas,14471
G0500410,1940,Desha,27160
G0500430,1940,Drew,19831
G0500450,1940,Faulkner,25880
G0500470,1940,Franklin,15683
G0500490,1940,Fulton,10253
G0500510,1940,Garland,41664
G0500530,1940,Grant,10477
G0500550,1940,Greene,30204
G0500570,1940,Hempstead,32770
G0500590,1940,Hot Spring,18916
G0500610,1940,Howard,16621
G0500630,1940,Independence,25643
G0500650,1940,Izard,12834
G0500670,1940,Jackson,26427
G0500690,1940,Jefferson,65101
G0500710,1940,Johnson,18795
G0500730,1940,Lafayette,16851
G0500750,1940,Lawrence,22651
G0500770,1940,Lee,26810
G0500790,1940,Lincoln,19709
G0500810,1940,Little River,15932
G0500830,1940,Logan,25967
G0500850,1940,Lonoke,29802
G0500870,1940,Madison,14531
G0500890,1940,Marion,9464
G0500910,1940,Miller,31874
G0500930,1940,Mississippi,80217
G0500950,1940,Monroe,21133
G0500970,1940,Montgomery,8876
G0500990,1940,Nevada,19869
G0501010,1940,Newton,10881
G0501030,1940,Ouachita,31151
G0501050,1940,Perry,8392
G0501070,1940,Phillips,45970
G0501090,1940,Pike,11786
G0501110,1940,Poinsett,37670
G0501130,1940,Polk,15832
G0501150,1940,Pope,25682
G0501170,1940,Prairie,15304
G0501190,1940,Pulaski,156085
G0501210,1940,Randolph,18319
G0501230,1940,St Francis,36043
G0501250,1940,Saline,19163
G0501270,1940,Scott,13300
G0501290,1940,Searcy,11942
G0501310,1940,Sebastian,62809
G0501330,1940,Sevier,15248
G0501350,1940,Sharp,11497
G0501370,1940,Stone,8603
G0501390,1940,Union,50461
G0501410,1940,Van Buren,12518
G0501430,1940,Washington,41114
G0501450,1940,White,37176
G0501470,1940,Woodruff,22133
G0501490,1940,Yell,20970
G0600010,1940,Alameda,513011
G0600030,1940,Alpine,323
G0600050,1940,Amador,8973
G0600070,1940,Butte,42840
G0600090,1940,Calaveras,8221
G0600110,1940,Colusa,9788
G0600130,1940,Contra Costa,100450
G0600150,1940,Del Norte,4745
G0600170,1940,El Dorado,13229
G0600190,1940,Fresno,178565
G0600210,1940,Glenn,12195
G0600230,1940,Humboldt,45812
G0600250,1940,Imperial,59740
G0600270,1940,Inyo,7625
G0600290,1940,Kern,135124
G0600310,1940,Kings,35168
G0600330,1940,Lake,8069
G0600350,1940,Lassen,14479
G0600370,1940,Los Angeles,2785643
G0600390,1940,Madera,23314
G0600410,1940,Marin,52907
G0600430,1940,Mariposa,5605
G0600450,1940,Mendocino,27864
G0600470,1940,Merced,46988
G0600490,1940,Modoc,8713
G0600510,1940,Mono,2299
G0600530,1940,Monterey,73032
G0600550,1940,Napa,28503
G0600570,1940,Nevada,19283
G0600590,1940,Orange,130760
G0600610,1940,Placer,28108
G0600630,1940,Plumas,11548
G0600650,1940,Riverside,105524
G0600670,1940,Sacramento,170333
G0600690,1940,San Benito,11392
G0600710,1940,San Bernardino,161108
G0600730,1940,San Diego,289348
G0600750,1940,San Francisco,634536
G0600770,1940,San Joaquin,134207
G0600790,1940,San Luis Obispo,33246
G0600810,1940,San Mateo,111782
G0600830,1940,Santa Barbara,70555
G0600850,1940,Santa Clara,174949
G0600870,1940,Santa Cruz,45057
G0600890,1940,Shasta,28800
G0600910,1940,Sierra,3025
G0600930,1940,Siskiyou,28598
G0600950,1940,Solano,49118
G0600970,1940,Sonoma,69052
G0600990,1940,Stanislaus,74866
G0601010,1940,Sutter,18680
G0601030,1940,Tehama,14316
G0601050,1940,Trinity,3970
G0601070,1940,Tulare,107152
G0601090,1940,Tuolumne,10887
G0601110,1940,Ventura,69685
G0601130,1940,Yolo,27243
G0601150,1940,Yuba,17034
G0800010,1940,Adams,22481
G0800030,1940,Alamosa,10484
G0800050,1940,Arapahoe,32150
G0800070,1940,Archuleta,3806
G0800090,1940,Baca,6207
G0800110,1940,Bent,9653
G0800130,1940,Boulder,37438
G0800150,1940,Chaffee,8109
G0800170,1940,Cheyenne,2964
G0800190,1940,Clear Creek,3784
G0800210,1940,Conejos,11648
G0800230,1940,Costilla,7533
G0800250,1940,Crowley,5398
G0800270,1940,Custer,2270
G0800290,1940,Delta,16470
G0800310,1940,Denver,322412
G0800330,1940,Dolores,1958
G0800350,1940,Douglas,3496
G0800370,1940,Eagle,5361
G0800390,1940,Elbert,5460
G0800410,1940,El Paso,54025
G0800430,1940,Fremont,19742
G0800450,1940,Garfield,10560
G0800470,1940,Gilpin,1625
G0800490,1940,Grand,3587
G0800510,1940,Gunnison,6192
G0800530,1940,Hinsdale,349
G0800550,1940,Huerfano,16088
G0800570,1940,Jackson,1798
G0800590,1940,Jefferson,30725
G0800610,1940,Kiowa,2793
G0800630,1940,Kit Carson,7512
G0800650,1940,Lake,6883
G0800670,1940,La Plata,15494
G0800690,1940,Larimer,35539
G0800710,1940,Las Animas,32369
G0800730,1940,Lincoln,5882
G0800750,1940,Logan,18370
G0800770,1940,Mesa,33791
G0800790,1940,Mineral,975
G0800810,1940,Moffat,5086
G0800830,1940,Montezuma,10463
G0800850,1940,Montrose,15418
G0800870,1940,Morgan,17214
G0800890,1940,Otero,23571
G0800910,1940,Ouray,2089
G0800930,1940,Park,3272
G0800950,1940,Phillips,4948
G0800970,1940,Pitkin,1836
G0800990,1940,Prowers,12304
G0801010,1940,Pueblo,68870
G0801030,1940,Rio Blanco,2943
G0801050,1940,Rio Grande,12404
G0801070,1940,Routt,10525
G0801090,1940,Saguache,6173
G0801110,1940,San Juan,1439
G0801130,1940,San Miguel,3664
G0801150,1940,Sedgwick,5294
G0801170,1940,Summit,1754
G0801190,1940,Teller,6463
G0801210,1940,Washington,8336
G0801230,1940,Weld,63747
G0801250,1940,Yuma,12102
G0900010,1940,Fairfield,418384
G0900030,1940,Hartford,450189
G0900050,1940,Litchfield,87041
G0900070,1940,Middlesex,55999
G0900090,1940,New Haven,484316
G0900110,1940,New London,125224
G0900130,1940,Tolland,31866
G0900150,1940,Windham,56223
G1000010,1940,Kent,34441
G1000030,1940,New Castle,179562
G1000050,1940,Sussex,52502
G1100010,1940,District Of Columbia,663091
G1200010,1940,Alachua,38607
G1200030,1940,Baker,6510
G1200050,1940,Bay,20686
G1200070,1940,Bradford,8717
G1200090,1940,Brevard,16142
G1200110,1940,Broward,39794
G1200130,1940,Calhoun,8218
G1200150,1940,Charlotte,3663
G1200170,1940,Citrus,5846
G1200190,1940,Clay,6468
G1200210,1940,Collier,5102
G1200230,1940,Columbia,16859
G1200250,1940,Dade,267739
G1200270,1940,DeSoto,7792
G1200290,1940,Dixie,7018
G1200310,1940,Duval,210143
G1200330,1940,Escambia,74667
G1200350,1940,Flagler,3008
G1200370,1940,Franklin,5991
G1200390,1940,Gadsden,31450
G1200410,1940,Gilchrist,4250
G1200430,1940,Glades,2745
G1200450,1940,Gulf,6951
G1200470,1940,Hamilton,9778
G1200490,1940,Hardee,10158
G1200510,1940,Hendry,5237
G1200530,1940,Hernando,5641
G1200550,1940,Highlands,9246
G1200570,1940,Hillsborough,180148
G1200590,1940,Holmes,15447
G1200610,1940,Indian River,8957
G1200630,1940,Jackson,34428
G1200650,1940,Jefferson,12032
G1200670,1940,Lafayette,4405
G1200690,1940,Lake,27255
G1200710,1940,Lee,17488
G1200730,1940,Leon,31646
G1200750,1940,Levy,12550
G1200770,1940,Liberty,3752
G1200790,1940,Madison,16190
G1200810,1940,Manatee,26098
G1200830,1940,Marion,31243
G1200850,1940,Martin,6295
G1200870,1940,Monroe,14078
G1200890,1940,Nassau,10826
G1200910,1940,Okaloosa,12900
G1200930,1940,Okeechobee,3000
G1200950,1940,Orange,70074
G1200970,1940,Osceola,10119
G1200990,1940,Palm Beach,79989
G1201010,1940,Pasco,13981
G1201030,1940,Pinellas,91852
G1201050,1940,Polk,86665
G1201070,1940,Putnam,18698
G1201090,1940,St Johns,20012
G1201110,1940,St Lucie,11871
G1201130,1940,Santa Rosa,16085
G1201150,1940,Sarasota,16106
G1201170,1940,Seminole,22304
G1201190,1940,Sumter,11041
G1201210,1940,Suwannee,17073
G1201230,1940,Taylor,11565
G1201250,1940,Union,7094
G1201270,1940,Volusia,53710
G1201290,1940,Wakulla,5463
G1201310,1940,Walton,14246
G1201330,1940,Washington,12302
G1300010,1940,Appling,14497
G1300030,1940,Atkinson,7093
G1300050,1940,Bacon,8096
G1300070,1940,Baker,7344
G1300090,1940,Baldwin,24190
G1300110,1940,Banks,8733
G1300130,1940,Barrow,13064
G1300150,1940,Bartow,25283
G1300170,1940,Ben Hill,14523
G1300190,1940,Berrien,15370
G1300210,1940,Bibb,83783
G1300230,1940,Bleckley,9655
G1300250,1940,Brantley,6871
G1300270,1940,Brooks,20497
G1300290,1940,Bryan,6288
G1300310,1940,Bulloch,26010
G1300330,1940,Burke,26520
G1300350,1940,Butts,9182
G1300370,1940,Calhoun,10438
G1300390,1940,Camden,5910
G1300430,1940,Candler,9103
G1300450,1940,Carroll,34156
G1300470,1940,Catoosa,12199
G1300490,1940,Charlton,5256
G1300510,1940,Chatham,117970
G1300530,1940,Chattahoochee,15138
G1300550,1940,Chattooga,18532
G1300570,1940,Cherokee,20126
G1300590,1940,Clarke,28398
G1300610,1940,Clay,7064
G1300630,1940,Clayton,11655
G1300650,1940,Clinch,6437
G1300670,1940,Cobb,38272
G1300690,1940,Coffee,21541
G1300710,1940,Colquitt,33012
G1300730,1940,Columbia,9433
G1300750,1940,Cook,11919
G1300770,1940,Coweta,26972
G1300790,1940,Crawford,7128
G1300810,1940,Crisp,17540
G1300830,1940,Dade,5894
G1300850,1940,Dawson,4479
G1300870,1940,Decatur,22234
G1300890,1940,DeKalb,86942
G1300910,1940,Dodge,21022
G1300930,1940,Dooly,16886
G1300950,1940,Dougherty,28565
G1300970,1940,Douglas,10053
G1300990,1940,Early,18679
G1301010,1940,Echols,2964
G1301030,1940,Effingham,9646
G1301050,1940,Elbert,19618
G1301070,1940,Emanuel,23517
G1301090,1940,Evans,7401
G1301110,1940,Fannin,14752
G1301130,1940,Fayette,8170
G1301150,1940,Floyd,56141
G1301170,1940,Forsyth,11322
G1301190,1940,Franklin,15612
G1301210,1940,Fulton,392886
G1301230,1940,Gilmer,9001
G1301250,1940,Glascock,4547
G1301270,1940,Glynn,21920
G1301290,1940,Gordon,18445
G1301310,1940,Grady,19654
G1301330,1940,Greene,13709
G1301350,1940,Gwinnett,29087
G1301370,1940,Habersham,14771
G1301390,1940,Hall,34822
G1301410,1940,Hancock,12764
G1301430,1940,Haralson,14377
G1301450,1940,Harris,11428
G1301470,1940,Hart,15512
G1301490,1940,Heard,8610
G1301510,1940,Henry,15119
G1301530,1940,Houston,11303
G1301550,1940,Irwin,12936
G1301570,1940,Jackson,20089
G1301590,1940,Jasper,8772
G1301610,1940,Jeff Davis,8841
G1301630,1940,Jefferson,20040
G1301650,1940,Jenkins,11843
G1301670,1940,Johnson,12953
G1301690,1940,Jones,8331
G1301710,1940,Lamar,10091
G1301730,1940,Lanier,5632
G1301750,1940,Laurens,33606
G1301770,1940,Lee,7837
G1301790,1940,Liberty,8595
G1301810,1940,Lincoln,7042
G1301830,1940,Long,4086
G1301850,1940,Lowndes,31860
G1301870,1940,Lumpkin,6223
G1301890,1940,McDuffie,10878
G1301910,1940,McIntosh,5292
G1301930,1940,Macon,15947
G1301950,1940,Madison,13431
G1301970,1940,Marion,6954
G1301990,1940,Meriwether,22055
G1302010,1940,Miller,9998
G1302050,1940,Mitchell,23261
G1302070,1940,Monroe,10749
G1302090,1940,Montgomery,9668
G1302110,1940,Morgan,12713
G1302130,1940,Murray,11137
G1302150,1940,Muscogee,75494
G1302170,1940,Newton,18576
G1302190,1940,Oconee,7576
G1302210,1940,Oglethorpe,12430
G1302230,1940,Paulding,12832
G1302250,1940,Peach,10378
G1302270,1940,Pickens,9136
G1302290,1940,Pierce,11800
G1302310,1940,Pike,10375
G1302330,1940,Polk,28467
G1302350,1940,Pulaski,9829
G1302370,1940,Putnam,8514
G1302390,1940,Quitman,3435
G1302410,1940,Rabun,7821
G1302430,1940,Randolph,16609
G1302450,1940,Richmond,81863
G1302470,1940,Rockdale,7724
G1302490,1940,Schley,5033
G1302510,1940,Screven,20353
G1302530,1940,Seminole,8492
G1302550,1940,Spalding,28427
G1302570,1940,Stephens,12972
G1302590,1940,Stewart,10603
G1302610,1940,Sumter,24502
G1302630,1940,Talbot,8141
G1302650,1940,Taliaferro,6278
G1302670,1940,Tattnall,16243
G1302690,1940,Taylor,10768
G1302710,1940,Telfair,15145
G1302730,1940,Terrell,16675
G1302750,1940,Thomas,31289
G1302770,1940,Tift,18599
G1302790,1940,Toombs,16952
G1302810,1940,Towns,4925
G1302830,1940,Treutlen,7632
G1302850,1940,Troup,43879
G1302870,1940,Turner,10846
G1302890,1940,Twiggs,9117
G1302910,1940,Union,7680
G1302930,1940,Upson,25064
G1302950,1940,Walker,31024
G1302970,1940,Walton,20777
G1302990,1940,Ware,27929
G1303010,1940,Warren,10236
G1303030,1940,Washington,24230
G1303050,1940,Wayne,13122
G1303070,1940,Webster,4726
G1303090,1940,Wheeler,8535
G1303110,1940,White,6417
G1303130,1940,Whitfield,26105
G1303150,1940,Wilcox,12755
G1303170,1940,Wilkes,15084
G1303190,1940,Wilkinson,11025
G1303210,1940,Worth,21374
G1550015,1940,Hawaii,73276
G1550035,1940,Honolulu,258256
G1550075,1940,Kauai,35818
G1550095,1940,Maui,55980
G1600010,1940,Ada,50401
G1600030,1940,Adams,3407
G1600050,1940,Bannock,34759
G1600070,1940,Bear Lake,7911
G1600090,1940,Benewah,7332
G1600110,1940,Bingham,21044
G1600130,1940,Blaine,5295
G1600150,1940,Boise,2333
G1600170,1940,Bonner,15667
G1600190,1940,Bonneville,25697
G1600210,1940,Boundary,5987
G1600230,1940,Butte,1877
G1600250,1940,Camas,1360
G1600270,1940,Canyon,40987
G1600290,1940,Caribou,2284
G1600310,1940,Cassia,14430
G1600330,1940,Clark,1005
G1600350,1940,Clearwater,8243
G1600370,1940,Custer,3549
G1600390,1940,Elmore,5518
G1600410,1940,Franklin,10229
G1600430,1940,Fremont,10304
G1600450,1940,Gem,9544
G1600470,1940,Gooding,9257
G1600490,1940,Idaho,12691
G1600510,1940,Jefferson,10762
G1600530,1940,Jerome,9900
G1600550,1940,Kootenai,22283
G1600570,1940,Latah,18804
G1600590,1940,Lemhi,6521
G1600610,1940,Lewis,4666
G1600630,1940,Lincoln,4230
G1600650,1940,Madison,9186
G1600670,1940,Minidoka,9870
G1600690,1940,Nez Perce,18873
G1600710,1940,Oneida,5417
G1600730,1940,Owyhee,5652
G1600750,1940,Payette,9511
G1600770,1940,Power,3965
G1600790,1940,Shoshone,21230
G1600810,1940,Teton,3601
G1600830,1940,Twin Falls,36403
G1600850,1940,Valley,4035
G1600870,1940,Washington,8853
G1600875,1940,Yellowstone National Park,0
G1700010,1940,Adams,65229
G1700030,1940,Alexander,25496
G1700050,1940,Bond,14540
G1700070,1940,Boone,15202
G1700090,1940,Brown,8053
G1700110,1940,Bureau,37600
G1700130,1940,Calhoun,8207
G1700150,1940,Carroll,17987
G1700170,1940,Cass,16425
G1700190,1940,Champaign,70578
G1700210,1940,Christian,38564
G1700230,1940,Clark,18842
G1700250,1940,Clay,18947
G1700270,1940,Clinton,22912
G1700290,1940,Coles,38470
G1700310,1940,Cook,4063342
G1700330,1940,Crawford,21294
G1700350,1940,Cumberland,11698
G1700370,1940,DeKalb,34388
G1700390,1940,De Witt,18244
G1700410,1940,Douglas,17590
G1700430,1940,Dupage,103480
G1700450,1940,Edgar,24430
G1700470,1940,Edwards,8974
G1700490,1940,Effingham,22034
G1700510,1940,Fayette,29159
G1700530,1940,Ford,15007
G1700550,1940,Franklin,53137
G1700570,1940,Fulton,44627
G1700590,1940,Gallatin,11414
G1700610,1940,Greene,20292
G1700630,1940,Grundy,18398
G1700650,1940,Hamilton,13454
G1700670,1940,Hancock,26297
G1700690,1940,Hardin,7759
G1700710,1940,Henderson,8949
G1700730,1940,Henry,43798
G1700750,1940,Iroquois,32496
G1700770,1940,Jackson,37920
G1700790,1940,Jasper,13431
G1700810,1940,Jefferson,34375
G1700830,1940,Jersey,13636
G1700850,1940,Jo Daviess,19989
G1700870,1940,Johnson,10727
G1700890,1940,Kane,130206
G1700910,1940,Kankakee,60877
G1700930,1940,Kendall,11105
G1700950,1940,Knox,52250
G1700970,1940,Lake,121094
G1700990,1940,La Salle,97801
G1701010,1940,Lawrence,21075
G1701030,1940,Lee,34604
G1701050,1940,Livingston,38838
G1701070,1940,Logan,29438
G1701090,1940,McDonough,26944
G1701110,1940,McHenry,37311
G1701130,1940,McLean,73930
G1701150,1940,Macon,84693
G1701170,1940,Macoupin,46304
G1701190,1940,Madison,149349
G1701210,1940,Marion,47989
G1701230,1940,Marshall,13179
G1701250,1940,Mason,15358
G1701270,1940,Massac,14937
G1701290,1940,Menard,10663
G1701310,1940,Mercer,17701
G1701330,1940,Monroe,12754
G1701350,1940,Montgomery,34499
G1701370,1940,Morgan,36378
G1701390,1940,Moultrie,13477
G1701410,1940,Ogle,29869
G1701430,1940,Peoria,153374
G1701450,1940,Perry,23438
G1701470,1940,Piatt,14659
G1701490,1940,Pike,25340
G1701510,1940,Pope,7999
G1701530,1940,Pulaski,15875
G1701550,1940,Putnam,5289
G1701570,1940,Randolph,33608
G1701590,1940,Richland,17137
G1701610,1940,Rock Island,113323
G1701630,1940,St Clair,166899
G1701650,1940,Saline,38066
G1701670,1940,Sangamon,117912
G1701690,1940,Schuyler,11430
G1701710,1940,Scott,8176
G1701730,1940,Shelby,26290
G1701750,1940,Stark,8881
G1701770,1940,Stephenson,40646
G1701790,1940,Tazewell,58362
G1701810,1940,Union,21528
G1701830,1940,Vermilion,86791
G1701850,1940,Wabash,13724
G1701870,1940,Warren,21286
G1701890,1940,Washington,15801
G1701910,1940,Wayne,22092
G1701930,1940,White,20027
G1701950,1940,Whiteside,43338
G1701970,1940,Will,114210
G1701990,1940,Williamson,51424
G1702010,1940,Winnebago,121178
G1702030,1940,Woodford,19124
G1800010,1940,Adams,21254
G1800030,1940,Allen,155084
G1800050,1940,Bartholomew,28276
G1800070,1940,Benton,11117
G1800090,1940,Blackford,13783
G1800110,1940,Boone,22081
G1800130,1940,Brown,6189
G1800150,1940,Carroll,15410
G1800170,1940,Cass,36908
G1800190,1940,Clark,31020
G1800210,1940,Clay,25365
G1800230,1940,Clinton,28411
G1800250,1940,Crawford,10171
G1800270,1940,Daviess,26163
G1800290,1940,Dearborn,23053
G1800310,1940,Decatur,17722
G1800330,1940,DeKalb,24756
G1800350,1940,Delaware,74963
G1800370,1940,Dubois,22579
G1800390,1940,Elkhart,72634
G1800410,1940,Fayette,19411
G1800430,1940,Floyd,35061
G1800450,1940,Fountain,18299
G1800470,1940,Franklin,14412
G1800490,1940,Fulton,15577
G1800510,1940,Gibson,30709
G1800530,1940,Grant,55813
G1800550,1940,Greene,31330
G1800570,1940,Hamilton,24614
G1800590,1940,Hancock,17302
G1800610,1940,Harrison,17106
G1800630,1940,Hendricks,20151
G1800650,1940,Henry,40208
G1800670,1940,Howard,47752
G1800690,1940,Huntington,29931
G1800710,1940,Jackson,26612
G1800730,1940,Jasper,14397
G1800750,1940,Jay,22601
G1800770,1940,Jefferson,19912
G1800790,1940,Jennings,13680
G1800810,1940,Johnson,22493
G1800830,1940,Knox,43973
G1800850,1940,Kosciusko,29561
G1800870,1940,Lagrange,14352
G1800890,1940,Lake,293195
G1800910,1940,LaPorte,63660
G1800930,1940,Lawrence,35045
G1800950,1940,Madison,88575
G1800970,1940,Marion,460926
G1800990,1940,Marshall,25935
G1801010,1940,Martin,10300
G1801030,1940,Miami,27926
G1801050,1940,Monroe,36534
G1801070,1940,Montgomery,27231
G1801090,1940,Morgan,19801
G1801110,1940,Newton,10775
G1801130,1940,Noble,22776
G1801150,1940,Ohio,3782
G1801170,1940,Orange,17311
G1801190,1940,Owen,12090
G1801210,1940,Parke,17358
G1801230,1940,Perry,17770
G1801250,1940,Pike,17045
G1801270,1940,Porter,27836
G1801290,1940,Posey,19183
G1801310,1940,Pulaski,12056
G1801330,1940,Putnam,20839
G1801350,1940,Randolph,26766
G1801370,1940,Ripley,18898
G1801390,1940,Rush,18927
G1801410,1940,St Joseph,161823
G1801430,1940,Scott,8978
G1801450,1940,Shelby,25953
G1801470,1940,Spencer,16211
G1801490,1940,Starke,12258
G1801510,1940,Steuben,13740
G1801530,1940,Sullivan,27014
G1801550,1940,Switzerland,8167
G1801570,1940,Tippecanoe,51020
G1801590,1940,Tipton,15135
G1801610,1940,Union,6017
G1801630,1940,Vanderburgh,130783
G1801650,1940,Vermillion,21787
G1801670,1940,Vigo,99709
G1801690,1940,Wabash,26601
G1801710,1940,Warren,9055
G1801730,1940,Warrick,19435
G1801750,1940,Washington,17008
G1801770,1940,Wayne,59229
G1801790,1940,Wells,19099
G1801810,1940,White,17037
G1801830,1940,Whitley,17001
G1900010,1940,Adair,13196
G1900030,1940,Adams,10156
G1900050,1940,Allamakee,17184
G1900070,1940,Appanoose,24245
G1900090,1940,Audubon,11790
G1900110,1940,Benton,22879
G1900130,1940,Black Hawk,79946
G1900150,1940,Boone,29782
G1900170,1940,Bremer,17932
G1900190,1940,Buchanan,20991
G1900210,1940,Buena Vista,19838
G1900230,1940,Butler,17986
G1900250,1940,Calhoun,17584
G1900270,1940,Carroll,22770
G1900290,1940,Cass,18647
G1900310,1940,Cedar,16884
G1900330,1940,Cerro Gordo,43845
G1900350,1940,Cherokee,19258
G1900370,1940,Chickasaw,15227
G1900390,1940,Clarke,10233
G1900410,1940,Clay,17762
G1900430,1940,Clayton,24334
G1900450,1940,Clinton,44722
G1900470,1940,Crawford,20538
G1900490,1940,Dallas,24649
G1900510,1940,Davis,11136
G1900530,1940,Decatur,14012
G1900550,1940,Delaware,18487
G1900570,1940,Des Moines,36804
G1900590,1940,Dickinson,12185
G1900610,1940,Dubuque,63768
G1900630,1940,Emmet,13406
G1900650,1940,Fayette,29151
G1900670,1940,Floyd,20169
G1900690,1940,Franklin,16379
G1900710,1940,Fremont,14645
G1900730,1940,Greene,16599
G1900750,1940,Grundy,13518
G1900770,1940,Guthrie,17210
G1900790,1940,Hamilton,19922
G1900810,1940,Hancock,15402
G1900830,1940,Hardin,22530
G1900850,1940,Harrison,22767
G1900870,1940,Henry,17994
G1900890,1940,Howard,13531
G1900910,1940,Humboldt,13459
G1900930,1940,Ida,11047
G1900950,1940,Iowa,17016
G1900970,1940,Jackson,19181
G1900990,1940,Jasper,31496
G1901010,1940,Jefferson,15762
G1901030,1940,Johnson,33191
G1901050,1940,Jones,19950
G1901070,1940,Keokuk,18406
G1901090,1940,Kossuth,26630
G1901110,1940,Lee,41074
G1901130,1940,Linn,89142
G1901150,1940,Louisa,11384
G1901170,1940,Lucas,14571
G1901190,1940,Lyon,15374
G1901210,1940,Madison,14525
G1901230,1940,Mahaska,26485
G1901250,1940,Marion,27019
G1901270,1940,Marshall,35406
G1901290,1940,Mills,15064
G1901310,1940,Mitchell,14121
G1901330,1940,Monona,18238
G1901350,1940,Monroe,14553
G1901370,1940,Montgomery,15697
G1901390,1940,Muscatine,31296
G1901410,1940,O Brien,19293
G1901430,1940,Osceola,10607
G1901450,1940,Page,24887
G1901470,1940,Palo Alto,16170
G1901490,1940,Plymouth,23502
G1901510,1940,Pocahontas,16266
G1901530,1940,Polk,195835
G1901550,1940,Pottawattamie,66756
G1901570,1940,Poweshiek,18758
G1901590,1940,Ringgold,11137
G1901610,1940,Sac,17639
G1901630,1940,Scott,84748
G1901650,1940,Shelby,16720
G1901670,1940,Sioux,27209
G1901690,1940,Story,33434
G1901710,1940,Tama,22428
G1901730,1940,Taylor,14258
G1901750,1940,Union,16280
G1901770,1940,Van Buren,12053
G1901790,1940,Wapello,44280
G1901810,1940,Warren,17695
G1901830,1940,Washington,20055
G1901850,1940,Wayne,13308
G1901870,1940,Webster,41521
G1901890,1940,Winnebago,13972
G1901910,1940,Winneshiek,22263
G1901930,1940,Woodbury,103627
G1901950,1940,Worth,11449
G1901970,1940,Wright,20038
G2000010,1940,Allen,19874
G2000030,1940,Anderson,11658
G2000050,1940,Atchison,22222
G2000070,1940,Barber,9073
G2000090,1940,Barton,25010
G2000110,1940,Bourbon,20944
G2000130,1940,Brown,17395
G2000150,1940,Butler,32013
G2000170,1940,Chase,6345
G2000190,1940,Chautauqua,9233
G2000210,1940,Cherokee,29817
G2000230,1940,Cheyenne,6221
G2000250,1940,Clark,4081
G2000270,1940,Clay,13281
G2000290,1940,Cloud,17247
G2000310,1940,Coffey,12278
G2000330,1940,Comanche,4412
G2000350,1940,Cowley,38139
G2000370,1940,Crawford,44191
G2000390,1940,Decatur,7434
G2000410,1940,Dickinson,22929
G2000430,1940,Doniphan,12936
G2000450,1940,Douglas,25171
G2000470,1940,Edwards,6377
G2000490,1940,Elk,8180
G2000510,1940,Ellis,17508
G2000530,1940,Ellsworth,9855
G2000550,1940,Finney,10092
G2000570,1940,Ford,17254
G2000590,1940,Franklin,20889
G2000610,1940,Geary,15222
G2000630,1940,Gove,4793
G2000650,1940,Graham,6071
G2000670,1940,Grant,1946
G2000690,1940,Gray,4773
G2000710,1940,Greeley,1638
G2000730,1940,Greenwood,16495
G2000750,1940,Hamilton,2645
G2000770,1940,Harper,12068
G2000790,1940,Harvey,21712
G2000810,1940,Haskell,2088
G2000830,1940,Hodgeman,3535
G2000850,1940,Jackson,13382
G2000870,1940,Jefferson,12718
G2000890,1940,Jewell,11970
G2000910,1940,Johnson,33327
G2000930,1940,Kearny,2525
G2000950,1940,Kingman,12001
G2000970,1940,Kiowa,5112
G2000990,1940,Labette,30352
G2001010,1940,Lane,2821
G2001030,1940,Leavenworth,41112
G2001050,1940,Lincoln,8338
G2001070,1940,Linn,11969
G2001090,1940,Logan,3688
G2001110,1940,Lyon,26424
G2001130,1940,McPherson,24152
G2001150,1940,Marion,18951
G2001170,1940,Marshall,20986
G2001190,1940,Meade,5522
G2001210,1940,Miami,19489
G2001230,1940,Mitchell,11339
G2001250,1940,Montgomery,49729
G2001270,1940,Morris,10363
G2001290,1940,Morton,2186
G2001310,1940,Nemaha,16761
G2001330,1940,Neosho,22210
G2001350,1940,Ness,6864
G2001370,1940,Norton,9831
G2001390,1940,Osage,15118
G2001410,1940,Osborne,9835
G2001430,1940,Ottawa,9224
G2001450,1940,Pawnee,10300
G2001470,1940,Phillips,10435
G2001490,1940,Pottawatomie,14015
G2001510,1940,Pratt,12348
G2001530,1940,Rawlins,6618
G2001550,1940,Reno,52165
G2001570,1940,Republic,13124
G2001590,1940,Rice,17213
G2001610,1940,Riley,20617
G2001630,1940,Rooks,8497
G2001650,1940,Rush,8285
G2001670,1940,Russell,13464
G2001690,1940,Saline,29535
G2001710,1940,Scott,3773
G2001730,1940,Sedgwick,143311
G2001750,1940,Seward,6540
G2001770,1940,Shawnee,91247
G2001790,1940,Sheridan,5312
G2001810,1940,Sherman,6421
G2001830,1940,Smith,10582
G2001850,1940,Stafford,10487
G2001870,1940,Stanton,1443
G2001890,1940,Stevens,3193
G2001910,1940,Sumner,26163
G2001930,1940,Thomas,6425
G2001950,1940,Trego,5822
G2001970,1940,Wabaunsee,9219
G2001990,1940,Wallace,2216
G2002010,1940,Washington,15921
G2002030,1940,Wichita,2185
G2002050,1940,Wilson,17723
G2002070,1940,Woodson,8014
G2002090,1940,Wyandotte,145071
G2100010,1940,Adair,18566
G2100030,1940,Allen,15496
G2100050,1940,Anderson,8936
G2100070,1940,Ballard,9480
G2100090,1940,Barren,27559
G2100110,1940,Bath,11451
G2100130,1940,Bell,43812
G2100150,1940,Boone,10820
G2100170,1940,Bourbon,17932
G2100190,1940,Boyd,45938
G2100210,1940,Boyle,17075
G2100230,1940,Bracken,9389
G2100250,1940,Breathitt,23946
G2100270,1940,Breckinridge,17744
G2100290,1940,Bullitt,9511
G2100310,1940,Butler,14371
G2100330,1940,Caldwell,14499
G2100350,1940,Calloway,19041
G2100370,1940,Campbell,71918
G2100390,1940,Carlisle,7650
G2100410,1940,Carroll,8657
G2100430,1940,Carter,25545
G2100450,1940,Casey,19962
G2100470,1940,Christian,36129
G2100490,1940,Clark,17988
G2100510,1940,Clay,23901
G2100530,1940,Clinton,10279
G2100550,1940,Crittenden,12115
G2100570,1940,Cumberland,11923
G2100590,1940,Daviess,52335
G2100610,1940,Edmonson,11344
G2100630,1940,Elliott,8713
G2100650,1940,Estill,17978
G2100670,1940,Fayette,78899
G2100690,1940,Fleming,13327
G2100710,1940,Floyd,52986
G2100730,1940,Franklin,23308
G2100750,1940,Fulton,15413
G2100770,1940,Gallatin,4307
G2100790,1940,Garrard,11910
G2100810,1940,Grant,9876
G2100830,1940,Graves,31763
G2100850,1940,Grayson,17562
G2100870,1940,Green,12321
G2100890,1940,Greenup,24917
G2100910,1940,Hancock,6807
G2100930,1940,Hardin,29108
G2100950,1940,Harlan,75275
G2100970,1940,Harrison,15124
G2100990,1940,Hart,17239
G2101010,1940,Henderson,27020
G2101030,1940,Henry,12220
G2101050,1940,Hickman,9142
G2101070,1940,Hopkins,37789
G2101090,1940,Jackson,16339
G2101110,1940,Jefferson,385392
G2101130,1940,Jessamine,12174
G2101150,1940,Johnson,25771
G2101170,1940,Kenton,93139
G2101190,1940,Knott,20007
G2101210,1940,Knox,31029
G2101230,1940,Larue,9622
G2101250,1940,Laurel,25640
G2101270,1940,Lawrence,17275
G2101290,1940,Lee,10860
G2101310,1940,Leslie,14981
G2101330,1940,Letcher,40592
G2101350,1940,Lewis,15686
G2101370,1940,Lincoln,19859
G2101390,1940,Livingston,9127
G2101410,1940,Logan,23345
G2101430,1940,Lyon,9067
G2101450,1940,McCracken,48534
G2101470,1940,McCreary,16451
G2101490,1940,McLean,11446
G2101510,1940,Madison,28541
G2101530,1940,Magoffin,17490
G2101550,1940,Marion,16913
G2101570,1940,Marshall,16602
G2101590,1940,Martin,10970
G2101610,1940,Mason,19066
G2101630,1940,Meade,8827
G2101650,1940,Menifee,5691
G2101670,1940,Mercer,14629
G2101690,1940,Metcalfe,10853
G2101710,1940,Monroe,14070
G2101730,1940,Montgomery,12280
G2101750,1940,Morgan,16827
G2101770,1940,Muhlenberg,37554
G2101790,1940,Nelson,18004
G2101810,1940,Nicholas,8617
G2101830,1940,Ohio,24421
G2101850,1940,Oldham,10716
G2101870,1940,Owen,10942
G2101890,1940,Owsley,8957
G2101910,1940,Pendleton,10392
G2101930,1940,Perry,47828
G2101950,1940,Pike,71122
G2101970,1940,Powell,7671
G2101990,1940,Pulaski,39863
G2102010,1940,Robertson,3419
G2102030,1940,Rockcastle,17165
G2102050,1940,Rowan,12734
G2102070,1940,Russell,13615
G2102090,1940,Scott,14314
G2102110,1940,Shelby,17759
G2102130,1940,Simpson,11752
G2102150,1940,Spencer,6757
G2102170,1940,Taylor,13556
G2102190,1940,Todd,14234
G2102210,1940,Trigg,12784
G2102230,1940,Trimble,5601
G2102250,1940,Union,17411
G2102270,1940,Warren,36631
G2102290,1940,Washington,12965
G2102310,1940,Wayne,17204
G2102330,1940,Webster,19198
G2102350,1940,Whitley,33186
G2102370,1940,Wolfe,9997
G2102390,1940,Woodford,11847
G2200010,1940,Acadia,46260
G2200030,1940,Allen,17540
G2200050,1940,Ascension,21215
G2200070,1940,Assumption,18541
G2200090,1940,Avoyelles,39256
G2200110,1940,Beauregard,14847
G2200130,1940,Bienville,23933
G2200150,1940,Bossier,33162
G2200170,1940,Caddo,150203
G2200190,1940,Calcasieu,56506
G2200210,1940,Caldwell,12046
G2200230,1940,Cameron,7203
G2200250,1940,Catahoula,14618
G2200270,1940,Claiborne,29855
G2200290,1940,Concordia,14562
G2200310,1940,De Soto,31803
G2200330,1940,East Baton Rouge,88415
G2200350,1940,East Carroll,19023
G2200370,1940,East Feliciana,18039
G2200390,1940,Evangeline,30497
G2200410,1940,Franklin,32382
G2200430,1940,Grant,15933
G2200450,1940,Iberia,37183
G2200470,1940,Iberville,27721
G2200490,1940,Jackson,17807
G2200510,1940,Jefferson,50427
G2200530,1940,Jefferson Davis,24191
G2200550,1940,Lafayette,43941
G2200570,1940,Lafourche,38615
G2200590,1940,La Salle,10959
G2200610,1940,Lincoln,24790
G2200630,1940,Livingston,17790
G2200650,1940,Madison,18443
G2200670,1940,Morehouse,27571
G2200690,1940,Natchitoches,40997
G2200710,1940,Orleans,494537
G2200730,1940,Ouachita,59168
G2200750,1940,Plaquemines,12318
G2200770,1940,Pointe Coupee,24004
G2200790,1940,Rapides,73370
G2200810,1940,Red River,15881
G2200830,1940,Richland,28829
G2200850,1940,Sabine,23586
G2200870,1940,St Bernard,7280
G2200890,1940,St Charles,12321
G2200910,1940,St Helena,9542
G2200930,1940,St James,16596
G2200950,1940,St John The Baptist,14766
G2200970,1940,St Landry,71481
G2200990,1940,St Martin,26394
G2201010,1940,St Mary,31458
G2201030,1940,St Tammany,23624
G2201050,1940,Tangipahoa,45519
G2201070,1940,Tensas,15940
G2201090,1940,Terrebonne,35880
G2201110,1940,Union,20943
G2201130,1940,Vermilion,37750
G2201150,1940,Vernon,19142
G2201170,1940,Washington,34443
G2201190,1940,Webster,33676
G2201210,1940,West Baton Rouge,11263
G2201230,1940,West Carroll,19252
G2201250,1940,West Feliciana,11720
G2201270,1940,Winn,16923
G2300010,1940,Androscoggin,76679
G2300030,1940,Aroostook,94436
G2300050,1940,Cumberland,146000
G2300070,1940,Franklin,19896
G2300090,1940,Hancock,32422
G2300110,1940,Kennebec,77231
G2300130,1940,Knox,27191
G2300150,1940,Lincoln,16294
G2300170,1940,Oxford,42662
G2300190,1940,Penobscot,97104
G2300210,1940,Piscataquis,18467
G2300230,1940,Sagadahoc,19123
G2300250,1940,Somerset,38245
G2300270,1940,Waldo,21159
G2300290,1940,Washington,37767
G2300310,1940,York,82550
G2400010,1940,Allegany,86973
G2400030,1940,Anne Arundel,68375
G2400050,1940,Baltimore,155825
G2400090,1940,Calvert,10484
G2400110,1940,Caroline,17549
G2400130,1940,Carroll,39054
G2400150,1940,Cecil,26407
G2400170,1940,Charles,17612
G2400190,1940,Dorchester,28006
G2400210,1940,Frederick,57312
G2400230,1940,Garrett,21981
G2400250,1940,Harford,35060
G2400270,1940,Howard,17175
G2400290,1940,Kent,13465
G2400310,1940,Montgomery,83912
G2400330,1940,Prince Georges,89490
G2400350,1940,Queen Anne's,14476
G2400370,1940,St Mary's,14626
G2400390,1940,Somerset,20965
G2400410,1940,Talbot,18784
G2400430,1940,Washington,68838
G2400450,1940,Wicomico,34530
G2400470,1940,Worcester,21245
G2405100,1940,Baltimore City,859100
G2500010,1940,Barnstable,37295
G2500030,1940,Berkshire,122273
G2500050,1940,Bristol,364637
G2500070,1940,Dukes,5669
G2500090,1940,Essex,496313
G2500110,1940,Franklin,49453
G2500130,1940,Hampden,332107
G2500150,1940,Hampshire,72461
G2500170,1940,Middlesex,971390
G2500190,1940,Nantucket,3401
G2500210,1940,Norfolk,325180
G2500230,1940,Plymouth,168824
G2500250,1940,Suffolk,863248
G2500270,1940,Worcester,504470
G2600010,1940,Alcona,5463
G2600030,1940,Alger,10167
G2600050,1940,Allegan,41839
G2600070,1940,Alpena,20766
G2600090,1940,Antrim,10964
G2600110,1940,Arenac,9233
G2600130,1940,Baraga,9356
G2600150,1940,Barry,22613
G2600170,1940,Bay,74981
G2600190,1940,Benzie,7800
G2600210,1940,Berrien,89117
G2600230,1940,Branch,25845
G2600250,1940,Calhoun,94206
G2600270,1940,Cass,21910
G2600290,1940,Charlevoix,13031
G2600310,1940,Cheboygan,13644
G2600330,1940,Chippewa,27807
G2600350,1940,Clare,9163
G2600370,1940,Clinton,26671
G2600390,1940,Crawford,3765
G2600410,1940,Delta,34037
G2600430,1940,Dickinson,28731
G2600450,1940,Eaton,34124
G2600470,1940,Emmet,15791
G2600490,1940,Genesee,227944
G2600510,1940,Gladwin,9385
G2600530,1940,Gogebic,31797
G2600550,1940,Grand Traverse,23390
G2600570,1940,Gratiot,32205
G2600590,1940,Hillsdale,29092
G2600610,1940,Houghton,47631
G2600630,1940,Huron,32584
G2600650,1940,Ingham,130616
G2600670,1940,Ionia,35710
G2600690,1940,Iosco,8560
G2600710,1940,Iron,20243
G2600730,1940,Isabella,25982
G2600750,1940,Jackson,93108
G2600770,1940,Kalamazoo,100085
G2600790,1940,Kalkaska,5159
G2600810,1940,Kent,246338
G2600830,1940,Keweenaw,4004
G2600850,1940,Lake,4798
G2600870,1940,Lapeer,32116
G2600890,1940,Leelanau,8436
G2600910,1940,Lenawee,53110
G2600930,1940,Livingston,20863
G2600950,1940,Luce,7423
G2600970,1940,Mackinac,9438
G2600990,1940,Macomb,107638
G2601010,1940,Manistee,18450
G2601030,1940,Marquette,47144
G2601050,1940,Mason,19378
G2601070,1940,Mecosta,16902
G2601090,1940,Menominee,24883
G2601110,1940,Midland,27094
G2601130,1940,Missaukee,8034
G2601150,1940,Monroe,58620
G2601170,1940,Montcalm,28581
G2601190,1940,Montmorency,3840
G2601210,1940,Muskegon,94501
G2601230,1940,Newaygo,19286
G2601250,1940,Oakland,254068
G2601270,1940,Oceana,14812
G2601290,1940,Ogemaw,8720
G2601310,1940,Ontonagon,11359
G2601330,1940,Osceola,13309
G2601350,1940,Oscoda,2543
G2601370,1940,Otsego,5827
G2601390,1940,Ottawa,59660
G2601410,1940,Presque Isle,12250
G2601430,1940,Roscommon,3668
G2601450,1940,Saginaw,130468
G2601470,1940,St Clair,76222
G2601490,1940,St Joseph,31749
G2601510,1940,Sanilac,30114
G2601530,1940,Schoolcraft,9524
G2601550,1940,Shiawassee,41207
G2601570,1940,Tuscola,35694
G2601590,1940,Van Buren,35111
G2601610,1940,Washtenaw,80810
G2601630,1940,Wayne,2015623
G2601650,1940,Wexford,17976
G2700010,1940,Aitkin,17865
G2700030,1940,Anoka,22443
G2700050,1940,Becker,26562
G2700070,1940,Beltrami,26107
G2700090,1940,Benton,16106
G2700110,1940,Big Stone,10447
G2700130,1940,Blue Earth,36203
G2700150,1940,Brown,25544
G2700170,1940,Carlton,24212
G2700190,1940,Carver,17606
G2700210,1940,Cass,20646
G2700230,1940,Chippewa,16927
G2700250,1940,Chisago,13124
G2700270,1940,Clay,25337
G2700290,1940,Clearwater,11153
G2700310,1940,Cook,3030
G2700330,1940,Cottonwood,16143
G2700350,1940,Crow Wing,30226
G2700370,1940,Dakota,39660
G2700390,1940,Dodge,12931
G2700410,1940,Douglas,20369
G2700430,1940,Faribault,23941
G2700450,1940,Fillmore,25830
G2700470,1940,Freeborn,31780
G2700490,1940,Goodhue,31564
G2700510,1940,Grant,9828
G2700530,1940,Hennepin,568899
G2700550,1940,Houston,14735
G2700570,1940,Hubbard,11085
G2700590,1940,Isanti,12950
G2700610,1940,Itasca,32996
G2700630,1940,Jackson,16805
G2700650,1940,Kanabec,9651
G2700670,1940,Kandiyohi,26524
G2700690,1940,Kittson,10717
G2700710,1940,Koochiching,16930
G2700730,1940,Lac Qui Parle,15509
G2700750,1940,Lake,6956
G2700770,1940,Lake Of The Woods,5975
G2700790,1940,Le Sueur,19227
G2700810,1940,Lincoln,10797
G2700830,1940,Lyon,21569
G2700850,1940,McLeod,21380
G2700870,1940,Mahnomen,8054
G2700890,1940,Marshall,18364
G2700910,1940,Martin,24656
G2700930,1940,Meeker,19277
G2700950,1940,Mille Lacs,15558
G2700970,1940,Morrison,27473
G2700990,1940,Mower,36113
G2701010,1940,Murray,15060
G2701030,1940,Nicollet,18282
G2701050,1940,Nobles,21215
G2701070,1940,Norman,14746
G2701090,1940,Olmsted,42658
G2701110,1940,Otter Tail,53192
G2701130,1940,Pennington,12913
G2701150,1940,Pine,21478
G2701170,1940,Pipestone,13794
G2701190,1940,Polk,37734
G2701210,1940,Pope,13544
G2701230,1940,Ramsey,309935
G2701250,1940,Red Lake,7413
G2701270,1940,Redwood,22290
G2701290,1940,Renville,24625
G2701310,1940,Rice,32160
G2701330,1940,Rock,10933
G2701350,1940,Roseau,15103
G2701370,1940,St Louis,206917
G2701390,1940,Scott,15585
G2701410,1940,Sherburne,10456
G2701430,1940,Sibley,16625
G2701450,1940,Stearns,67200
G2701470,1940,Steele,19749
G2701490,1940,Stevens,11039
G2701510,1940,Swift,15469
G2701530,1940,Todd,27438
G2701550,1940,Traverse,8283
G2701570,1940,Wabasha,17653
G2701590,1940,Wadena,12772
G2701610,1940,Waseca,15186
G2701630,1940,Washington,26430
G2701650,1940,Watonwan,13902
G2701670,1940,Wilkin,10475
G2701690,1940,Winona,37795
G2701710,1940,Wright,27550
G2701730,1940,Yellow Medicine,16917
G2800010,1940,Adams,27238
G2800030,1940,Alcorn,26969
G2800050,1940,Amite,21892
G2800070,1940,Attala,30227
G2800090,1940,Benton,10429
G2800110,1940,Bolivar,67574
G2800130,1940,Calhoun,20893
G2800150,1940,Carroll,20651
G2800170,1940,Chickasaw,21427
G2800190,1940,Choctaw,13548
G2800210,1940,Claiborne,12810
G2800230,1940,Clarke,20596
G2800250,1940,Clay,19030
G2800270,1940,Coahoma,48333
G2800290,1940,Copiah,33974
G2800310,1940,Covington,17030
G2800330,1940,DeSoto,26663
G2800350,1940,Forrest,34901
G2800370,1940,Franklin,12504
G2800390,1940,George,8704
G2800410,1940,Greene,9512
G2800430,1940,Grenada,19052
G2800450,1940,Hancock,11328
G2800470,1940,Harrison,50799
G2800490,1940,Hinds,107273
G2800510,1940,Holmes,39710
G2800530,1940,Humphreys,26257
G2800550,1940,Issaquena,6433
G2800570,1940,Itawamba,19922
G2800590,1940,Jackson,20601
G2800610,1940,Jasper,19484
G2800630,1940,Jefferson,13969
G2800650,1940,Jefferson Davis,15869
G2800670,1940,Jones,49227
G2800690,1940,Kemper,21867
G2800710,1940,Lafayette,21257
G2800730,1940,Lamar,12096
G2800750,1940,Lauderdale,58247
G2800770,1940,Lawrence,13983
G2800790,1940,Leake,24570
G2800810,1940,Lee,38838
G2800830,1940,Leflore,53406
G2800850,1940,Lincoln,27506
G2800870,1940,Lowndes,35245
G2800890,1940,Madison,37504
G2800910,1940,Marion,24085
G2800930,1940,Marshall,25522
G2800950,1940,Monroe,37648
G2800970,1940,Montgomery,15703
G2800990,1940,Neshoba,27882
G2801010,1940,Newton,24249
G2801030,1940,Noxubee,25669
G2801050,1940,Oktibbeha,22151
G2801070,1940,Panola,34421
G2801090,1940,Pearl River,19125
G2801110,1940,Perry,9292
G2801130,1940,Pike,35002
G2801150,1940,Pontotoc,22904
G2801170,1940,Prentiss,20921
G2801190,1940,Quitman,27191
G2801210,1940,Rankin,27934
G2801230,1940,Scott,23144
G2801250,1940,Sharkey,15433
G2801270,1940,Simpson,22024
G2801290,1940,Smith,19403
G2801310,1940,Stone,6155
G2801330,1940,Sunflower,61007
G2801350,1940,Tallahatchie,34166
G2801370,1940,Tate,19309
G2801390,1940,Tippah,19680
G2801410,1940,Tishomingo,16974
G2801430,1940,Tunica,22610
G2801450,1940,Union,21867
G2801470,1940,Walthall,17534
G2801490,1940,Warren,39595
G2801510,1940,Washington,67576
G2801530,1940,Wayne,16928
G2801550,1940,Webster,14160
G2801570,1940,Wilkinson,15955
G2801590,1940,Winston,22751
G2801610,1940,Yalobusha,18387
G2801630,1940,Yazoo,40091
G2900010,1940,Adair,20246
G2900030,1940,Andrew,13015
G2900050,1940,Atchison,12897
G2900070,1940,Audrain,22673
G2900090,1940,Barry,23546
G2900110,1940,Barton,14148
G2900130,1940,Bates,19531
G2900150,1940,Benton,11142
G2900170,1940,Bollinger,12898
G2900190,1940,Boone,34991
G2900210,1940,Buchanan,94067
G2900230,1940,Butler,34276
G2900250,1940,Caldwell,11629
G2900270,1940,Callaway,23094
G2900290,1940,Camden,8971
G2900310,1940,Cape Girardeau,37775
G2900330,1940,Carroll,17814
G2900350,1940,Carter,6226
G2900370,1940,Cass,19534
G2900390,1940,Cedar,11697
G2900410,1940,Chariton,18084
G2900430,1940,Christian,13538
G2900450,1940,Clark,10166
G2900470,1940,Clay,30417
G2900490,1940,Clinton,13261
G2900510,1940,Cole,34912
G2900530,1940,Cooper,18075
G2900550,1940,Crawford,12693
G2900570,1940,Dade,11248
G2900590,1940,Dallas,11523
G2900610,1940,Daviess,13398
G2900630,1940,DeKalb,9751
G2900650,1940,Dent,11763
G2900670,1940,Douglas,15600
G2900690,1940,Dunklin,44957
G2900710,1940,Franklin,33868
G2900730,1940,Gasconade,12414
G2900750,1940,Gentry,13359
G2900770,1940,Greene,90541
G2900790,1940,Grundy,15716
G2900810,1940,Harrison,16525
G2900830,1940,Henry,22313
G2900850,1940,Hickory,6506
G2900870,1940,Holt,12476
G2900890,1940,Howard,13026
G2900910,1940,Howell,22270
G2900930,1940,Iron,10440
G2900950,1940,Jackson,477828
G2900970,1940,Jasper,78705
G2900990,1940,Jefferson,32023
G2901010,1940,Johnson,21617
G2901030,1940,Knox,8878
G2901050,1940,Laclede,18718
G2901070,1940,Lafayette,27856
G2901090,1940,Lawrence,24637
G2901110,1940,Lewis,11490
G2901130,1940,Lincoln,14395
G2901150,1940,Linn,21416
G2901170,1940,Livingston,18000
G2901190,1940,McDonald,15749
G2901210,1940,Macon,21396
G2901230,1940,Madison,9656
G2901250,1940,Maries,8638
G2901270,1940,Marion,31576
G2901290,1940,Mercer,8766
G2901310,1940,Miller,14798
G2901330,1940,Mississippi,23149
G2901350,1940,Moniteau,11775
G2901370,1940,Monroe,13195
G2901390,1940,Montgomery,12442
G2901410,1940,Morgan,11140
G2901430,1940,New Madrid,39787
G2901450,1940,Newton,29039
G2901470,1940,Nodaway,25556
G2901490,1940,Oregon,13390
G2901510,1940,Osage,12375
G2901530,1940,Ozark,10766
G2901550,1940,Pemiscot,46857
G2901570,1940,Perry,15358
G2901590,1940,Pettis,33336
G2901610,1940,Phelps,17437
G2901630,1940,Pike,18327
G2901650,1940,Platte,13862
G2901670,1940,Polk,17400
G2901690,1940,Pulaski,10775
G2901710,1940,Putnam,11327
G2901730,1940,Ralls,10040
G2901750,1940,Randolph,24458
G2901770,1940,Ray,18584
G2901790,1940,Reynolds,9370
G2901810,1940,Ripley,12606
G2901830,1940,St Charles,25562
G2901850,1940,St Clair,13146
G2901860,1940,Ste Genevieve,10905
G2901870,1940,St Francois,35950
G2901890,1940,St Louis,274230
G2901950,1940,Saline,29416
G2901970,1940,Schuyler,6627
G2901990,1940,Scotland,8557
G2902010,1940,Scott,30377
G2902030,1940,Shannon,11831
G2902050,1940,Shelby,11224
G2902070,1940,Stoddard,33009
G2902090,1940,Stone,11298
G2902110,1940,Sullivan,13701
G2902130,1940,Taney,10323
G2902150,1940,Texas,19813
G2902170,1940,Vernon,25586
G2902190,1940,Warren,7734
G2902210,1940,Washington,17492
G2902230,1940,Wayne,12794
G2902250,1940,Webster,17226
G2902270,1940,Worth,6345
G2902290,1940,Wright,17967
G2905100,1940,St Louis City,816048
G3000010,1940,Beaverhead,6943
G3000030,1940,Big Horn,10419
G3000050,1940,Blaine,9566
G3000070,1940,Broadwater,3451
G3000090,1940,Carbon,11865
G3000110,1940,Carter,3280
G3000130,1940,Cascade,41999
G3000150,1940,Chouteau,7316
G3000170,1940,Custer,10422
G3000190,1940,Daniels,4563
G3000210,1940,Dawson,8618
G3000230,1940,Deer Lodge,13627
G3000250,1940,Fallon,3719
G3000270,1940,Fergus,14040
G3000290,1940,Flathead,24271
G3000310,1940,Gallatin,18269
G3000330,1940,Garfield,2641
G3000350,1940,Glacier,9034
G3000370,1940,Golden Valley,1607
G3000390,1940,Granite,3401
G3000410,1940,Hill,13304
G3000430,1940,Jefferson,4664
G3000450,1940,Judith Basin,3655
G3000470,1940,Lake,13490
G3000490,1940,Lewis And Clark,22131
G3000510,1940,Liberty,2209
G3000530,1940,Lincoln,7882
G3000550,1940,McCone,3798
G3000570,1940,Madison,7294
G3000590,1940,Meagher,2237
G3000610,1940,Mineral,2135
G3000630,1940,Missoula,29038
G3000650,1940,Musselshell,5717
G3000670,1940,Park,11566
G3000690,1940,Petroleum,1083
G3000710,1940,Phillips,7892
G3000730,1940,Pondera,6716
G3000750,1940,Powder River,3159
G3000770,1940,Powell,6152
G3000790,1940,Prairie,2410
G3000810,1940,Ravalli,12978
G3000830,1940,Richland,10209
G3000850,1940,Roosevelt,9806
G3000870,1940,Rosebud,6477
G3000890,1940,Sanders,6926
G3000910,1940,Sheridan,7814
G3000930,1940,Silver Bow,53207
G3000950,1940,Stillwater,5694
G3000970,1940,Sweet Grass,3719
G3000990,1940,Teton,6922
G3001010,1940,Toole,6769
G3001030,1940,Treasure,1499
G3001050,1940,Valley,15181
G3001070,1940,Wheatland,3286
G3001090,1940,Wibaux,2161
G3001110,1940,Yellowstone,41182
G3001130,1940,Yellowstone National Park,43
G3100010,1940,Adams,24576
G3100030,1940,Antelope,13289
G3100050,1940,Arthur,1045
G3100070,1940,Banner,1403
G3100090,1940,Blaine,1538
G3100110,1940,Boone,12127
G3100130,1940,Box Butte,10736
G3100150,1940,Boyd,6060
G3100170,1940,Brown,5962
G3100190,1940,Buffalo,23655
G3100210,1940,Burt,12546
G3100230,1940,Butler,13106
G3100250,1940,Cass,16992
G3100270,1940,Cedar,15126
G3100290,1940,Chase,5310
G3100310,1940,Cherry,9637
G3100330,1940,Cheyenne,9505
G3100350,1940,Clay,10445
G3100370,1940,Colfax,10627
G3100390,1940,Cuming,13562
G3100410,1940,Custer,22591
G3100430,1940,Dakota,9836
G3100450,1940,Dawes,10128
G3100470,1940,Dawson,17890
G3100490,1940,Deuel,3580
G3100510,1940,Dixon,10413
G3100530,1940,Dodge,23799
G3100550,1940,Douglas,247562
G3100570,1940,Dundy,5122
G3100590,1940,Fillmore,11417
G3100610,1940,Franklin,7740
G3100630,1940,Frontier,6417
G3100650,1940,Furnas,10098
G3100670,1940,Gage,29588
G3100690,1940,Garden,4680
G3100710,1940,Garfield,3444
G3100730,1940,Gosper,3687
G3100750,1940,Grant,1327
G3100770,1940,Greeley,6845
G3100790,1940,Hall,27523
G3100810,1940,Hamilton,9982
G3100830,1940,Harlan,7130
G3100850,1940,Hayes,2958
G3100870,1940,Hitchcock,6404
G3100890,1940,Holt,16552
G3100910,1940,Hooker,1253
G3100930,1940,Howard,8422
G3100950,1940,Jefferson,15532
G3100970,1940,Johnson,8662
G3100990,1940,Kearney,6854
G3101010,1940,Keith,8333
G3101030,1940,Keya Paha,3235
G3101050,1940,Kimball,3913
G3101070,1940,Knox,16478
G3101090,1940,Lancaster,100585
G3101110,1940,Lincoln,25425
G3101130,1940,Logan,1742
G3101150,1940,Loup,1777
G3101170,1940,McPherson,1175
G3101190,1940,Madison,24269
G3101210,1940,Merrick,9354
G3101230,1940,Morrill,9436
G3101250,1940,Nance,7653
G3101270,1940,Nemaha,12781
G3101290,1940,Nuckolls,10446
G3101310,1940,Otoe,18994
G3101330,1940,Pawnee,8514
G3101350,1940,Perkins,5197
G3101370,1940,Phelps,8452
G3101390,1940,Pierce,10211
G3101410,1940,Platte,20191
G3101430,1940,Polk,8748
G3101450,1940,Red Willow,11951
G3101470,1940,Richardson,19178
G3101490,1940,Rock,3977
G3101510,1940,Saline,15010
G3101530,1940,Sarpy,10835
G3101550,1940,Saunders,17892
G3101570,1940,Scotts Bluff,33917
G3101590,1940,Seward,14167
G3101610,1940,Sheridan,9869
G3101630,1940,Sherman,7764
G3101650,1940,Sioux,4001
G3101670,1940,Stanton,6887
G3101690,1940,Thayer,12262
G3101710,1940,Thomas,1553
G3101730,1940,Thurston,10243
G3101750,1940,Valley,8163
G3101770,1940,Washington,11578
G3101790,1940,Wayne,9880
G3101810,1940,Webster,8071
G3101830,1940,Wheeler,2170
G3101850,1940,York,14874
G3200010,1940,Churchill,5317
G3200030,1940,Clark,16414
G3200050,1940,Douglas,2056
G3200070,1940,Elko,10912
G3200090,1940,Esmeralda,1554
G3200110,1940,Eureka,1361
G3200130,1940,Humboldt,4743
G3200150,1940,Lander,1745
G3200170,1940,Lincoln,4130
G3200190,1940,Lyon,4076
G3200210,1940,Mineral,2342
G3200230,1940,Nye,3606
G3200250,1940,Ormsby,3209
G3200270,1940,Pershing,2713
G3200290,1940,Storey,1216
G3200310,1940,Washoe,32476
G3200330,1940,White Pine,12377
G3300010,1940,Belknap,24328
G3300030,1940,Carroll,15589
G3300050,1940,Cheshire,34953
G3300070,1940,Coos,39274
G3300090,1940,Grafton,44645
G3300110,1940,Hillsborough,144888
G3300130,1940,Merrimack,60710
G3300150,1940,Rockingham,58142
G3300170,1940,Strafford,43553
G3300190,1940,Sullivan,25442
G3400010,1940,Atlantic,124066
G3400030,1940,Bergen,409646
G3400050,1940,Burlington,97013
G3400070,1940,Camden,255727
G3400090,1940,Cape May,28919
G3400110,1940,Cumberland,73184
G3400130,1940,Essex,837340
G3400150,1940,Gloucester,72219
G3400170,1940,Hudson,652040
G3400190,1940,Hunterdon,36766
G3400210,1940,Mercer,197318
G3400230,1940,Middlesex,217077
G3400250,1940,Monmouth,161238
G3400270,1940,Morris,125732
G3400290,1940,Ocean,37706
G3400310,1940,Passaic,309353
G3400330,1940,Salem,42274
G3400350,1940,Somerset,74390
G3400370,1940,Sussex,29632
G3400390,1940,Union,328344
G3400410,1940,Warren,50181
G3500010,1940,Bernalillo,69391
G3500030,1940,Catron,4881
G3500050,1940,Chaves,23980
G3500070,1940,Colfax,18718
G3500090,1940,Curry,18159
G3500110,1940,De Baca,3725
G3500130,1940,Dona Ana,30411
G3500150,1940,Eddy,24311
G3500170,1940,Grant,20050
G3500190,1940,Guadalupe,8646
G3500210,1940,Harding,4374
G3500230,1940,Hidalgo,4821
G3500250,1940,Lea,21154
G3500270,1940,Lincoln,8557
G3500290,1940,Luna,6457
G3500310,1940,McKinley,23641
G3500330,1940,Mora,10981
G3500350,1940,Otero,10522
G3500370,1940,Quay,12111
G3500390,1940,Rio Arriba,25352
G3500410,1940,Roosevelt,14549
G3500430,1940,Sandoval,13898
G3500450,1940,San Juan,17115
G3500470,1940,San Miguel,27910
G3500490,1940,Santa Fe,30826
G3500510,1940,Sierra,6962
G3500530,1940,Socorro,11422
G3500550,1940,Taos,18528
G3500570,1940,Torrance,11026
G3500590,1940,Union,9095
G3500610,1940,Valencia,20245
G3600010,1940,Albany,221315
G3600030,1940,Allegany,39681
G3600050,1940,Bronx,1394711
G3600070,1940,Broome,165749
G3600090,1940,Cattaraugus,72652
G3600110,1940,Cayuga,65508
G3600130,1940,Chautauqua,123580
G3600150,1940,Chemung,73718
G3600170,1940,Chenango,36454
G3600190,1940,Clinton,54006
G3600210,1940,Columbia,41464
G3600230,1940,Cortland,33668
G3600250,1940,Delaware,40989
G3600270,1940,Dutchess,120542
G3600290,1940,Erie,798377
G3600310,1940,Essex,34178
G3600330,1940,Franklin,44286
G3600350,1940,Fulton,48597
G3600370,1940,Genesee,44481
G3600390,1940,Greene,27926
G3600410,1940,Hamilton,4188
G3600430,1940,Herkimer,59527
G3600450,1940,Jefferson,84003
G3600470,1940,Kings,2698285
G3600490,1940,Lewis,22815
G3600510,1940,Livingston,38510
G3600530,1940,Madison,39598
G3600550,1940,Monroe,438230
G3600570,1940,Montgomery,59142
G3600590,1940,Nassau,406748
G3600610,1940,New York,1889924
G3600630,1940,Niagara,160110
G3600650,1940,Oneida,203636
G3600670,1940,Onondaga,295108
G3600690,1940,Ontario,55307
G3600710,1940,Orange,140113
G3600730,1940,Orleans,27760
G3600750,1940,Oswego,71275
G3600770,1940,Otsego,46082
G3600790,1940,Putnam,16555
G3600810,1940,Queens,1297634
G3600830,1940,Rensselaer,121834
G3600850,1940,Richmond,174441
G3600870,1940,Rockland,74261
G3600890,1940,St Lawrence,91098
G3600910,1940,Saratoga,65606
G3600930,1940,Schenectady,122494
G3600950,1940,Schoharie,20812
G3600970,1940,Schuyler,12979
G3600990,1940,Seneca,25732
G3601010,1940,Steuben,84927
G3601030,1940,Suffolk,197355
G3601050,1940,Sullivan,37901
G3601070,1940,Tioga,27072
G3601090,1940,Tompkins,42340
G3601110,1940,Ulster,87017
G3601130,1940,Warren,36035
G3601150,1940,Washington,46726
G3601170,1940,Wayne,52747
G3601190,1940,Westchester,573558
G3601210,1940,Wyoming,31394
G3601230,1940,Yates,16381
G3700010,1940,Alamance,57427
G3700030,1940,Alexander,13454
G3700050,1940,Alleghany,8341
G3700070,1940,Anson,28443
G3700090,1940,Ashe,22664
G3700110,1940,Avery,13561
G3700130,1940,Beaufort,36431
G3700150,1940,Bertie,26201
G3700170,1940,Bladen,27156
G3700190,1940,Brunswick,17125
G3700210,1940,Buncombe,108755
G3700230,1940,Burke,38615
G3700250,1940,Cabarrus,59393
G3700270,1940,Caldwell,35795
G3700290,1940,Camden,5440
G3700310,1940,Carteret,18284
G3700330,1940,Caswell,20032
G3700350,1940,Catawba,51653
G3700370,1940,Chatham,24726
G3700390,1940,Cherokee,18813
G3700410,1940,Chowan,11572
G3700430,1940,Clay,6405
G3700450,1940,Cleveland,58055
G3700470,1940,Columbus,45663
G3700490,1940,Craven,31298
G3700510,1940,Cumberland,59320
G3700530,1940,Currituck,6709
G3700550,1940,Dare,6041
G3700570,1940,Davidson,53377
G3700590,1940,Davie,14909
G3700610,1940,Duplin,39739
G3700630,1940,Durham,80244
G3700650,1940,Edgecombe,49162
G3700670,1940,Forsyth,126475
G3700690,1940,Franklin,30382
G3700710,1940,Gaston,87531
G3700730,1940,Gates,10060
G3700750,1940,Graham,6418
G3700770,1940,Granville,29344
G3700790,1940,Greene,18548
G3700810,1940,Guilford,153916
G3700830,1940,Halifax,56512
G3700850,1940,Harnett,44239
G3700870,1940,Haywood,34804
G3700890,1940,Henderson,26049
G3700910,1940,Hertford,19352
G3700930,1940,Hoke,14937
G3700950,1940,Hyde,7860
G3700970,1940,Iredell,50424
G3700990,1940,Jackson,19366
G3701010,1940,Johnston,63798
G3701030,1940,Jones,10926
G3701050,1940,Lee,18743
G3701070,1940,Lenoir,41211
G3701090,1940,Lincoln,24187
G3701110,1940,McDowell,22996
G3701130,1940,Macon,15880
G3701150,1940,Madison,22522
G3701170,1940,Martin,26111
G3701190,1940,Mecklenburg,151826
G3701210,1940,Mitchell,15980
G3701230,1940,Montgomery,16280
G3701250,1940,Moore,30969
G3701270,1940,Nash,55608
G3701290,1940,New Hanover,47935
G3701310,1940,Northampton,28299
G3701330,1940,Onslow,17939
G3701350,1940,Orange,23072
G3701370,1940,Pamlico,9706
G3701390,1940,Pasquotank,20568
G3701410,1940,Pender,17710
G3701430,1940,Perquimans,9773
G3701450,1940,Person,25029
G3701470,1940,Pitt,61244
G3701490,1940,Polk,11874
G3701510,1940,Randolph,44554
G3701530,1940,Richmond,36810
G3701550,1940,Robeson,76860
G3701570,1940,Rockingham,57898
G3701590,1940,Rowan,69206
G3701610,1940,Rutherford,45577
G3701630,1940,Sampson,47440
G3701650,1940,Scotland,23232
G3701670,1940,Stanly,32834
G3701690,1940,Stokes,22656
G3701710,1940,Surry,41783
G3701730,1940,Swain,12177
G3701750,1940,Transylvania,12241
G3701770,1940,Tyrrell,5556
G3701790,1940,Union,39097
G3701810,1940,Vance,29961
G3701830,1940,Wake,109544
G3701850,1940,Warren,23145
G3701870,1940,Washington,12323
G3701890,1940,Watauga,18114
G3701910,1940,Wayne,58328
G3701930,1940,Wilkes,43003
G3701950,1940,Wilson,50219
G3701970,1940,Yadkin,20657
G3701990,1940,Yancey,17202
G3800010,1940,Adams,4664
G3800030,1940,Barnes,17814
G3800050,1940,Benson,12629
G3800070,1940,Billings,2531
G3800090,1940,Bottineau,13253
G3800110,1940,Bowman,3860
G3800130,1940,Burke,7653
G3800150,1940,Burleigh,22736
G3800170,1940,Cass,52849
G3800190,1940,Cavalier,13923
G3800210,1940,Dickey,9696
G3800230,1940,Divide,7086
G3800250,1940,Dunn,8376
G3800270,1940,Eddy,5741
G3800290,1940,Emmons,11699
G3800310,1940,Foster,5824
G3800330,1940,Golden Valley,3498
G3800350,1940,Grand Forks,34518
G3800370,1940,Grant,8264
G3800390,1940,Griggs,5818
G3800410,1940,Hettinger,7457
G3800430,1940,Kidder,6692
G3800450,1940,LaMoure,10298
G3800470,1940,Logan,7561
G3800490,1940,McHenry,14034
G3800510,1940,McIntosh,8984
G3800530,1940,McKenzie,8426
G3800550,1940,McLean,16082
G3800570,1940,Mercer,9611
G3800590,1940,Morton,20184
G3800610,1940,Mountrail,10482
G3800630,1940,Nelson,9129
G3800650,1940,Oliver,3859
G3800670,1940,Pembina,15671
G3800690,1940,Pierce,9208
G3800710,1940,Ramsey,15626
G3800730,1940,Ransom,10061
G3800750,1940,Renville,5533
G3800770,1940,Richland,20519
G3800790,1940,Rolette,12583
G3800810,1940,Sargent,8693
G3800830,1940,Sheridan,6616
G3800850,1940,Sioux,4419
G3800870,1940,Slope,2932
G3800890,1940,Stark,15414
G3800910,1940,Steele,6193
G3800930,1940,Stutsman,23495
G3800950,1940,Towner,7200
G3800970,1940,Traill,12300
G3800990,1940,Walsh,20747
G3801010,1940,Ward,31981
G3801030,1940,Wells,11198
G3801050,1940,Williams,16315
G3900010,1940,Adams,21705
G3900030,1940,Allen,73303
G3900050,1940,Ashland,29785
G3900070,1940,Ashtabula,68674
G3900090,1940,Athens,46166
G3900110,1940,Auglaize,28037
G3900130,1940,Belmont,95614
G3900150,1940,Brown,21638
G3900170,1940,Butler,120249
G3900190,1940,Carroll,17449
G3900210,1940,Champaign,25258
G3900230,1940,Clark,95647
G3900250,1940,Clermont,34109
G3900270,1940,Clinton,22574
G3900290,1940,Columbiana,90121
G3900310,1940,Coshocton,30594
G3900330,1940,Crawford,35571
G3900350,1940,Cuyahoga,1217250
G3900370,1940,Darke,38831
G3900390,1940,Defiance,24367
G3900410,1940,Delaware,26780
G3900430,1940,Erie,43201
G3900450,1940,Fairfield,48490
G3900470,1940,Fayette,21385
G3900490,1940,Franklin,388712
G3900510,1940,Fulton,23626
G3900530,1940,Gallia,24930
G3900550,1940,Geauga,19430
G3900570,1940,Greene,35863
G3900590,1940,Guernsey,38822
G3900610,1940,Hamilton,621987
G3900630,1940,Hancock,40793
G3900650,1940,Hardin,27061
G3900670,1940,Harrison,20313
G3900690,1940,Henry,22756
G3900710,1940,Highland,27099
G3900730,1940,Hocking,21504
G3900750,1940,Holmes,17876
G3900770,1940,Huron,34800
G3900790,1940,Jackson,27004
G3900810,1940,Jefferson,98129
G3900830,1940,Knox,31024
G3900850,1940,Lake,50020
G3900870,1940,Lawrence,46705
G3900890,1940,Licking,62279
G3900910,1940,Logan,29624
G3900930,1940,Lorain,112390
G3900950,1940,Lucas,344333
G3900970,1940,Madison,21811
G3900990,1940,Mahoning,240251
G3901010,1940,Marion,44898
G3901030,1940,Medina,33034
G3901050,1940,Meigs,24104
G3901070,1940,Mercer,26256
G3901090,1940,Miami,52632
G3901110,1940,Monroe,18641
G3901130,1940,Montgomery,295480
G3901150,1940,Morgan,14227
G3901170,1940,Morrow,15646
G3901190,1940,Muskingum,69795
G3901210,1940,Noble,14587
G3901230,1940,Ottawa,24360
G3901250,1940,Paulding,15527
G3901270,1940,Perry,31087
G3901290,1940,Pickaway,27889
G3901310,1940,Pike,16113
G3901330,1940,Portage,46660
G3901350,1940,Preble,23329
G3901370,1940,Putnam,25016
G3901390,1940,Richland,73853
G3901410,1940,Ross,52147
G3901430,1940,Sandusky,41014
G3901450,1940,Scioto,86565
G3901470,1940,Seneca,48499
G3901490,1940,Shelby,26071
G3901510,1940,Stark,234887
G3901530,1940,Summit,339405
G3901550,1940,Trumbull,132315
G3901570,1940,Tuscarawas,68816
G3901590,1940,Union,20012
G3901610,1940,Van Wert,26759
G3901630,1940,Vinton,11573
G3901650,1940,Warren,29894
G3901670,1940,Washington,43537
G3901690,1940,Wayne,50520
G3901710,1940,Williams,25510
G3901730,1940,Wood,51796
G3901750,1940,Wyandot,19218
G4000010,1940,Adair,15755
G4000030,1940,Alfalfa,14129
G4000050,1940,Atoka,18702
G4000070,1940,Beaver,8648
G4000090,1940,Beckham,22169
G4000110,1940,Blaine,18543
G4000130,1940,Bryan,38138
G4000150,1940,Caddo,41567
G4000170,1940,Canadian,27329
G4000190,1940,Carter,43292
G4000210,1940,Cherokee,21030
G4000230,1940,Choctaw,28358
G4000250,1940,Cimarron,3654
G4000270,1940,Cleveland,27728
G4000290,1940,Coal,12811
G4000310,1940,Comanche,38988
G4000330,1940,Cotton,12884
G4000350,1940,Craig,21083
G4000370,1940,Creek,55503
G4000390,1940,Custer,23068
G4000410,1940,Delaware,18592
G4000430,1940,Dewey,11981
G4000450,1940,Ellis,8466
G4000470,1940,Garfield,45484
G4000490,1940,Garvin,31150
G4000510,1940,Grady,41116
G4000530,1940,Grant,13128
G4000550,1940,Greer,14550
G4000570,1940,Harmon,10019
G4000590,1940,Harper,6454
G4000610,1940,Haskell,17324
G4000630,1940,Hughes,29189
G4000650,1940,Jackson,22708
G4000670,1940,Jefferson,15107
G4000690,1940,Johnston,15960
G4000710,1940,Kay,47084
G4000730,1940,Kingfisher,15617
G4000750,1940,Kiowa,22817
G4000770,1940,Latimer,12380
G4000790,1940,Le Flore,45866
G4000810,1940,Lincoln,29529
G4000830,1940,Logan,25245
G4000850,1940,Love,11433
G4000870,1940,McClain,19205
G4000890,1940,McCurtain,41318
G4000910,1940,McIntosh,24097
G4000930,1940,Major,11946
G4000950,1940,Marshall,12384
G4000970,1940,Mayes,21668
G4000990,1940,Murray,13841
G4001010,1940,Muskogee,65914
G4001030,1940,Noble,14826
G4001050,1940,Nowata,15774
G4001070,1940,Okfuskee,26279
G4001090,1940,Oklahoma,244159
G4001110,1940,Okmulgee,50101
G4001130,1940,Osage,41502
G4001150,1940,Ottawa,35849
G4001170,1940,Pawnee,17395
G4001190,1940,Payne,36057
G4001210,1940,Pittsburg,48985
G4001230,1940,Pontotoc,39792
G4001250,1940,Pottawatomie,54377
G4001270,1940,Pushmataha,19466
G4001290,1940,Roger Mills,10736
G4001310,1940,Rogers,21078
G4001330,1940,Seminole,61201
G4001350,1940,Sequoyah,23138
G4001370,1940,Stephens,31090
G4001390,1940,Texas,9896
G4001410,1940,Tillman,20754
G4001430,1940,Tulsa,193363
G4001450,1940,Wagoner,21642
G4001470,1940,Washington,30559
G4001490,1940,Washita,22279
G4001510,1940,Woods,14915
G4001530,1940,Woodward,16270
G4100010,1940,Baker,18297
G4100030,1940,Benton,18629
G4100050,1940,Clackamas,57130
G4100070,1940,Clatsop,24697
G4100090,1940,Columbia,20971
G4100110,1940,Coos,32466
G4100130,1940,Crook,5533
G4100150,1940,Curry,4301
G4100170,1940,Deschutes,18631
G4100190,1940,Douglas,25728
G4100210,1940,Gilliam,2844
G4100230,1940,Grant,6380
G4100250,1940,Harney,5374
G4100270,1940,Hood River,11580
G4100290,1940,Jackson,36213
G4100310,1940,Jefferson,2042
G4100330,1940,Josephine,16301
G4100350,1940,Klamath,40497
G4100370,1940,Lake,6293
G4100390,1940,Lane,69096
G4100410,1940,Lincoln,14549
G4100430,1940,Linn,30485
G4100450,1940,Malheur,19767
G4100470,1940,Marion,75246
G4100490,1940,Morrow,4337
G4100510,1940,Multnomah,355099
G4100530,1940,Polk,19989
G4100550,1940,Sherman,2321
G4100570,1940,Tillamook,12263
G4100590,1940,Umatilla,26030
G4100610,1940,Union,17399
G4100630,1940,Wallowa,7623
G4100650,1940,Wasco,13069
G4100670,1940,Washington,39194
G4100690,1940,Wheeler,2974
G4100710,1940,Yamhill,26336
G4200010,1940,Adams,39435
G4200030,1940,Allegheny,1411539
G4200050,1940,Armstrong,81087
G4200070,1940,Beaver,156754
G4200090,1940,Bedford,40809
G4200110,1940,Berks,241884
G4200130,1940,Blair,140358
G4200150,1940,Bradford,50615
G4200170,1940,Bucks,107715
G4200190,1940,Butler,87590
G4200210,1940,Cambria,213459
G4200230,1940,Cameron,6852
G4200250,1940,Carbon,61735
G4200270,1940,Centre,52608
G4200290,1940,Chester,135626
G4200310,1940,Clarion,38410
G4200330,1940,Clearfield,92094
G4200350,1940,Clinton,34557
G4200370,1940,Columbia,51413
G4200390,1940,Crawford,71644
G4200410,1940,Cumberland,74806
G4200430,1940,Dauphin,177410
G4200450,1940,Delaware,310756
G4200470,1940,Elk,34443
G4200490,1940,Erie,180889
G4200510,1940,Fayette,200999
G4200530,1940,Forest,5791
G4200550,1940,Franklin,69378
G4200570,1940,Fulton,10673
G4200590,1940,Greene,44671
G4200610,1940,Huntingdon,41836
G4200630,1940,Indiana,79854
G4200650,1940,Jefferson,54090
G4200670,1940,Juniata,15373
G4200690,1940,Lackawanna,301243
G4200710,1940,Lancaster,212504
G4200730,1940,Lawrence,96877
G4200750,1940,Lebanon,72641
G4200770,1940,Lehigh,177533
G4200790,1940,Luzerne,441518
G4200810,1940,Lycoming,93633
G4200830,1940,McKean,56673
G4200850,1940,Mercer,101039
G4200870,1940,Mifflin,42993
G4200890,1940,Monroe,29802
G4200910,1940,Montgomery,289247
G4200930,1940,Montour,15466
G4200950,1940,Northampton,168959
G4200970,1940,Northumberland,126887
G4200990,1940,Perry,23213
G4201010,1940,Philadelphia,1931334
G4201030,1940,Pike,7452
G4201050,1940,Potter,18201
G4201070,1940,Schuylkill,228331
G4201090,1940,Snyder,20208
G4201110,1940,Somerset,84957
G4201130,1940,Sullivan,7504
G4201150,1940,Susquehanna,33893
G4201170,1940,Tioga,35004
G4201190,1940,Union,20247
G4201210,1940,Venango,63958
G4201230,1940,Warren,42789
G4201250,1940,Washington,210852
G4201270,1940,Wayne,29934
G4201290,1940,Westmoreland,303411
G4201310,1940,Wyoming,16702
G4201330,1940,York,178022
G4400010,1940,Bristol,25548
G4400030,1940,Kent,58311
G4400050,1940,Newport,46696
G4400070,1940,Providence,550298
G4400090,1940,Washington,32493
G4500010,1940,Abbeville,22931
G4500030,1940,Aiken,49916
G4500050,1940,Allendale,13040
G4500070,1940,Anderson,88712
G4500090,1940,Bamberg,18643
G4500110,1940,Barnwell,20138
G4500130,1940,Beaufort,22037
G4500150,1940,Berkeley,27128
G4500170,1940,Calhoun,16229
G4500190,1940,Charleston,121105
G4500210,1940,Cherokee,33290
G4500230,1940,Chester,32579
G4500250,1940,Chesterfield,35963
G4500270,1940,Clarendon,31500
G4500290,1940,Colleton,26268
G4500310,1940,Darlington,45198
G4500330,1940,Dillon,29625
G4500350,1940,Dorchester,19928
G4500370,1940,Edgefield,17894
G4500390,1940,Fairfield,24187
G4500410,1940,Florence,70582
G4500430,1940,Georgetown,26352
G4500450,1940,Greenville,136580
G4500470,1940,Greenwood,40083
G4500490,1940,Hampton,17465
G4500510,1940,Horry,51951
G4500530,1940,Jasper,11011
G4500550,1940,Kershaw,32913
G4500570,1940,Lancaster,33542
G4500590,1940,Laurens,44185
G4500610,1940,Lee,24908
G4500630,1940,Lexington,35994
G4500650,1940,McCormick,10367
G4500670,1940,Marion,30107
G4500690,1940,Marlboro,33281
G4500710,1940,Newberry,33577
G4500730,1940,Oconee,36512
G4500750,1940,Orangeburg,63707
G4500770,1940,Pickens,37111
G4500790,1940,Richland,104843
G4500810,1940,Saluda,17192
G4500830,1940,Spartanburg,127733
G4500850,1940,Sumter,52463
G4500870,1940,Union,31360
G4500890,1940,Williamsburg,41011
G4500910,1940,York,58663
G4600010,1940,Armstrong,42
G4600030,1940,Aurora,5387
G4600050,1940,Beadle,19648
G4600070,1940,Bennett,3983
G4600090,1940,Bon Homme,10241
G4600110,1940,Brookings,16560
G4600130,1940,Brown,29676
G4600150,1940,Brule,6195
G4600170,1940,Buffalo,1853
G4600190,1940,Butte,8004
G4600210,1940,Campbell,5033
G4600230,1940,Charles Mix,13449
G4600250,1940,Clark,8955
G4600270,1940,Clay,9592
G4600290,1940,Codington,17014
G4600310,1940,Corson,6755
G4600330,1940,Custer,6023
G4600350,1940,Davison,15336
G4600370,1940,Day,13565
G4600390,1940,Deuel,8450
G4600410,1940,Dewey,5709
G4600430,1940,Douglas,6348
G4600450,1940,Edmunds,7814
G4600470,1940,Fall River,8089
G4600490,1940,Faulk,5168
G4600510,1940,Grant,10552
G4600530,1940,Gregory,9554
G4600550,1940,Haakon,3515
G4600570,1940,Hamlin,7562
G4600590,1940,Hand,7166
G4600610,1940,Hanson,5400
G4600630,1940,Harding,3010
G4600650,1940,Hughes,6624
G4600670,1940,Hutchinson,12668
G4600690,1940,Hyde,3113
G4600710,1940,Jackson,1955
G4600730,1940,Jerauld,4752
G4600750,1940,Jones,2509
G4600770,1940,Kingsbury,10831
G4600790,1940,Lake,12412
G4600810,1940,Lawrence,19093
G4600830,1940,Lincoln,13171
G4600850,1940,Lyman,5045
G4600870,1940,McCook,9793
G4600890,1940,McPherson,8353
G4600910,1940,Marshall,8880
G4600930,1940,Meade,9735
G4600950,1940,Mellette,4107
G4600970,1940,Miner,6836
G4600990,1940,Minnehaha,57697
G4601010,1940,Moody,9341
G4601030,1940,Pennington,23799
G4601050,1940,Perkins,6585
G4601070,1940,Potter,4614
G4601090,1940,Roberts,15887
G4601110,1940,Sanborn,5754
G4601130,1940,Shannon,5366
G4601150,1940,Spink,12527
G4601170,1940,Stanley,1959
G4601190,1940,Sully,2668
G4601210,1940,Todd,5714
G4601230,1940,Tripp,9937
G4601250,1940,Turner,13270
G4601270,1940,Union,11675
G4601290,1940,Walworth,7274
G4601310,1940,Washabaugh,1980
G4601330,1940,Washington,1789
G4601350,1940,Yankton,16725
G4601370,1940,Ziebach,2875
G4700010,1940,Anderson,26504
G4700030,1940,Bedford,23151
G4700050,1940,Benton,11976
G4700070,1940,Bledsoe,8358
G4700090,1940,Blount,41116
G4700110,1940,Bradley,28498
G4700130,1940,Campbell,31131
G4700150,1940,Cannon,9880
G4700170,1940,Carroll,25978
G4700190,1940,Carter,35127
G4700210,1940,Cheatham,9928
G4700230,1940,Chester,11124
G4700250,1940,Claiborne,24657
G4700270,1940,Clay,10904
G4700290,1940,Cocke,24083
G4700310,1940,Coffee,18959
G4700330,1940,Crockett,17330
G4700350,1940,Cumberland,15592
G4700370,1940,Davidson,257267
G4700390,1940,Decatur,10261
G4700410,1940,DeKalb,14588
G4700430,1940,Dickson,19718
G4700450,1940,Dyer,34920
G4700470,1940,Fayette,30322
G4700490,1940,Fentress,14262
G4700510,1940,Franklin,23892
G4700530,1940,Gibson,44835
G4700550,1940,Giles,29240
G4700570,1940,Grainger,14356
G4700590,1940,Greene,39405
G4700610,1940,Grundy,11552
G4700630,1940,Hamblen,18611
G4700650,1940,Hamilton,180478
G4700670,1940,Hancock,11231
G4700690,1940,Hardeman,23590
G4700710,1940,Hardin,17806
G4700730,1940,Hawkins,28523
G4700750,1940,Haywood,27699
G4700770,1940,Henderson,19220
G4700790,1940,Henry,25877
G4700810,1940,Hickman,14873
G4700830,1940,Houston,6432
G4700850,1940,Humphreys,12421
G4700870,1940,Jackson,15082
G4700890,1940,Jefferson,18621
G4700910,1940,Johnson,12998
G4700930,1940,Knox,178468
G4700950,1940,Lake,11235
G4700970,1940,Lauderdale,24461
G4700990,1940,Lawrence,28726
G4701010,1940,Lewis,5849
G4701030,1940,Lincoln,27214
G4701050,1940,Loudon,19838
G4701070,1940,McMinn,30781
G4701090,1940,McNairy,20424
G4701110,1940,Macon,14904
G4701130,1940,Madison,54115
G4701150,1940,Marion,19140
G4701170,1940,Marshall,16030
G4701190,1940,Maury,40357
G4701210,1940,Meigs,6393
G4701230,1940,Monroe,24275
G4701250,1940,Montgomery,33346
G4701270,1940,Moore,4093
G4701290,1940,Morgan,15242
G4701310,1940,Obion,30978
G4701330,1940,Overton,18883
G4701350,1940,Perry,7535
G4701370,1940,Pickett,6213
G4701390,1940,Polk,15473
G4701410,1940,Putnam,26250
G4701430,1940,Rhea,16353
G4701450,1940,Roane,27795
G4701470,1940,Robertson,29046
G4701490,1940,Rutherford,33604
G4701510,1940,Scott,15966
G4701530,1940,Sequatchie,5038
G4701550,1940,Sevier,23291
G4701570,1940,Shelby,358250
G4701590,1940,Smith,16148
G4701610,1940,Stewart,13549
G4701630,1940,Sullivan,69085
G4701650,1940,Sumner,32719
G4701670,1940,Tipton,28036
G4701690,1940,Trousdale,6113
G4701710,1940,Unicoi,14128
G4701730,1940,Union,9030
G4701750,1940,Van Buren,4090
G4701770,1940,Warren,19764
G4701790,1940,Washington,51631
G4701810,1940,Wayne,13638
G4701830,1940,Weakley,29498
G4701850,1940,White,15983
G4701870,1940,Williamson,25220
G4701890,1940,Wilson,25267
G4800010,1940,Anderson,37092
G4800030,1940,Andrews,1277
G4800050,1940,Angelina,32201
G4800070,1940,Aransas,3469
G4800090,1940,Archer,7599
G4800110,1940,Armstrong,2495
G4800130,1940,Atascosa,19275
G4800150,1940,Austin,17384
G4800170,1940,Bailey,6318
G4800190,1940,Bandera,4234
G4800210,1940,Bastrop,21610
G4800230,1940,Baylor,7755
G4800250,1940,Bee,16481
G4800270,1940,Bell,44863
G4800290,1940,Bexar,338176
G4800310,1940,Blanco,4264
G4800330,1940,Borden,1396
G4800350,1940,Bosque,15761
G4800370,1940,Bowie,50208
G4800390,1940,Brazoria,27069
G4800410,1940,Brazos,26977
G4800430,1940,Brewster,6478
G4800450,1940,Briscoe,4056
G4800470,1940,Brooks,6362
G4800490,1940,Brown,25924
G4800510,1940,Burleson,18334
G4800530,1940,Burnet,10771
G4800550,1940,Caldwell,24893
G4800570,1940,Calhoun,5911
G4800590,1940,Callahan,11568
G4800610,1940,Cameron,83202
G4800630,1940,Camp,10285
G4800650,1940,Carson,6624
G4800670,1940,Cass,33496
G4800690,1940,Castro,4631
G4800710,1940,Chambers,7511
G4800730,1940,Cherokee,43970
G4800750,1940,Childress,12149
G4800770,1940,Clay,12524
G4800790,1940,Cochran,3735
G4800810,1940,Coke,4590
G4800830,1940,Coleman,20571
G4800850,1940,Collin,47190
G4800870,1940,Collingsworth,10331
G4800890,1940,Colorado,17812
G4800910,1940,Comal,12321
G4800930,1940,Comanche,19245
G4800950,1940,Concho,6192
G4800970,1940,Cooke,24909
G4800990,1940,Coryell,20226
G4801010,1940,Cottle,7079
G4801030,1940,Crane,2841
G4801050,1940,Crockett,2809
G4801070,1940,Crosby,10046
G4801090,1940,Culberson,1653
G4801110,1940,Dallam,6494
G4801130,1940,Dallas,398564
G4801150,1940,Dawson,15367
G4801170,1940,Deaf Smith,6056
G4801190,1940,Delta,12858
G4801210,1940,Denton,33658
G4801230,1940,DeWitt,24935
G4801250,1940,Dickens,7847
G4801270,1940,Dimmit,8542
G4801290,1940,Donley,7487
G4801310,1940,Duval,20565
G4801330,1940,Eastland,30345
G4801350,1940,Ector,15051
G4801370,1940,Edwards,2933
G4801390,1940,Ellis,47733
G4801410,1940,El Paso,131067
G4801430,1940,Erath,20760
G4801450,1940,Falls,35984
G4801470,1940,Fannin,41064
G4801490,1940,Fayette,29246
G4801510,1940,Fisher,12932
G4801530,1940,Floyd,10659
G4801550,1940,Foard,5237
G4801570,1940,Fort Bend,32963
G4801590,1940,Franklin,8378
G4801610,1940,Freestone,21138
G4801630,1940,Frio,9207
G4801650,1940,Gaines,8136
G4801670,1940,Galveston,81173
G4801690,1940,Garza,5678
G4801710,1940,Gillespie,10670
G4801730,1940,Glasscock,1193
G4801750,1940,Goliad,8798
G4801770,1940,Gonzales,26075
G4801790,1940,Gray,23911
G4801810,1940,Grayson,69499
G4801830,1940,Gregg,58027
G4801850,1940,Grimes,21960
G4801870,1940,Guadalupe,25596
G4801890,1940,Hale,18813
G4801910,1940,Hall,12117
G4801930,1940,Hamilton,13303
G4801950,1940,Hansford,2783
G4801970,1940,Hardeman,11073
G4801990,1940,Hardin,15875
G4802010,1940,Harris,528961
G4802030,1940,Harrison,50900
G4802050,1940,Hartley,1873
G4802070,1940,Haskell,14905
G4802090,1940,Hays,15349
G4802110,1940,Hemphill,4170
G4802130,1940,Henderson,31822
G4802150,1940,Hidalgo,106059
G4802170,1940,Hill,38355
G4802190,1940,Hockley,12693
G4802210,1940,Hood,6674
G4802230,1940,Hopkins,30274
G4802250,1940,Houston,31137
G4802270,1940,Howard,20990
G4802290,1940,Hudspeth,3149
G4802310,1940,Hunt,48793
G4802330,1940,Hutchinson,19069
G4802350,1940,Irion,1963
G4802370,1940,Jack,10206
G4802390,1940,Jackson,11720
G4802410,1940,Jasper,17491
G4802430,1940,Jeff Davis,2375
G4802450,1940,Jefferson,145329
G4802470,1940,Jim Hogg,5449
G4802490,1940,Jim Wells,20239
G4802510,1940,Johnson,30384
G4802530,1940,Jones,23378
G4802550,1940,Karnes,19248
G4802570,1940,Kaufman,38308
G4802590,1940,Kendall,5080
G4802610,1940,Kenedy,700
G4802630,1940,Kent,3413
G4802650,1940,Kerr,11650
G4802670,1940,Kimble,5064
G4802690,1940,King,1066
G4802710,1940,Kinney,4533
G4802730,1940,Kleberg,13344
G4802750,1940,Knox,10090
G4802770,1940,Lamar,50425
G4802790,1940,Lamb,17606
G4802810,1940,Lampasas,9167
G4802830,1940,La Salle,8003
G4802850,1940,Lavaca,25485
G4802870,1940,Lee,12751
G4802890,1940,Leon,17733
G4802910,1940,Liberty,24541
G4802930,1940,Limestone,33781
G4802950,1940,Lipscomb,3764
G4802970,1940,Live Oak,9799
G4802990,1940,Llano,5996
G4803010,1940,Loving,285
G4803030,1940,Lubbock,51782
G4803050,1940,Lynn,11931
G4803070,1940,McCulloch,13208
G4803090,1940,McLennan,101898
G4803110,1940,McMullen,1374
G4803130,1940,Madison,12029
G4803150,1940,Marion,11457
G4803170,1940,Martin,5556
G4803190,1940,Mason,5378
G4803210,1940,Matagorda,20066
G4803230,1940,Maverick,10071
G4803250,1940,Medina,16106
G4803270,1940,Menard,4521
G4803290,1940,Midland,11721
G4803310,1940,Milam,33120
G4803330,1940,Mills,7951
G4803350,1940,Mitchell,12477
G4803370,1940,Montague,20442
G4803390,1940,Montgomery,23055
G4803410,1940,Moore,4461
G4803430,1940,Morris,9810
G4803450,1940,Motley,4994
G4803470,1940,Nacogdoches,35392
G4803490,1940,Navarro,51308
G4803510,1940,Newton,13700
G4803530,1940,Nolan,17309
G4803550,1940,Nueces,92661
G4803570,1940,Ochiltree,4213
G4803590,1940,Oldham,1385
G4803610,1940,Orange,17382
G4803630,1940,Palo Pinto,18456
G4803650,1940,Panola,22513
G4803670,1940,Parker,20482
G4803690,1940,Parmer,5890
G4803710,1940,Pecos,8185
G4803730,1940,Polk,20635
G4803750,1940,Potter,54265
G4803770,1940,Presidio,10925
G4803790,1940,Rains,7334
G4803810,1940,Randall,7185
G4803830,1940,Reagan,1997
G4803850,1940,Real,2420
G4803870,1940,Red River,29769
G4803890,1940,Reeves,8006
G4803910,1940,Refugio,10383
G4803930,1940,Roberts,1289
G4803950,1940,Robertson,25710
G4803970,1940,Rockwall,7051
G4803990,1940,Runnels,18903
G4804010,1940,Rusk,51023
G4804030,1940,Sabine,10896
G4804050,1940,San Augustine,12471
G4804070,1940,San Jacinto,9056
G4804090,1940,San Patricio,28871
G4804110,1940,San Saba,11012
G4804130,1940,Schleicher,3083
G4804150,1940,Scurry,11545
G4804170,1940,Shackelford,6211
G4804190,1940,Shelby,29235
G4804210,1940,Sherman,2026
G4804230,1940,Smith,69090
G4804250,1940,Somervell,3071
G4804270,1940,Starr,13312
G4804290,1940,Stephens,12356
G4804310,1940,Sterling,1404
G4804330,1940,Stonewall,5589
G4804350,1940,Sutton,3977
G4804370,1940,Swisher,6528
G4804390,1940,Tarrant,225521
G4804410,1940,Taylor,44147
G4804430,1940,Terrell,2952
G4804450,1940,Terry,11160
G4804470,1940,Throckmorton,4275
G4804490,1940,Titus,19228
G4804510,1940,Tom Green,39302
G4804530,1940,Travis,111053
G4804550,1940,Trinity,13705
G4804570,1940,Tyler,11948
G4804590,1940,Upshur,26178
G4804610,1940,Upton,4297
G4804630,1940,Uvalde,13246
G4804650,1940,Val Verde,15453
G4804670,1940,Van Zandt,31155
G4804690,1940,Victoria,23741
G4804710,1940,Walker,19868
G4804730,1940,Waller,10280
G4804750,1940,Ward,9575
G4804770,1940,Washington,25387
G4804790,1940,Webb,45916
G4804810,1940,Wharton,36158
G4804830,1940,Wheeler,12411
G4804850,1940,Wichita,73604
G4804870,1940,Wilbarger,20474
G4804890,1940,Willacy,13230
G4804910,1940,Williamson,41698
G4804930,1940,Wilson,17066
G4804950,1940,Winkler,6141
G4804970,1940,Wise,19074
G4804990,1940,Wood,24360
G4805010,1940,Yoakum,5354
G4805030,1940,Young,19004
G4805050,1940,Zapata,3916
G4805070,1940,Zavala,11603
G4900010,1940,Beaver,5014
G4900030,1940,Box Elder,18832
G4900050,1940,Cache,29797
G4900070,1940,Carbon,18459
G4900090,1940,Daggett,564
G4900110,1940,Davis,15784
G4900130,1940,Duchesne,8958
G4900150,1940,Emery,7072
G4900170,1940,Garfield,5253
G4900190,1940,Grand,2070
G4900210,1940,Iron,8331
G4900230,1940,Juab,7392
G4900250,1940,Kane,2561
G4900270,1940,Millard,9613
G4900290,1940,Morgan,2611
G4900310,1940,Piute,2203
G4900330,1940,Rich,2028
G4900350,1940,Salt Lake,211623
G4900370,1940,San Juan,4712
G4900390,1940,Sanpete,16063
G4900410,1940,Sevier,12112
G4900430,1940,Summit,8714
G4900450,1940,Tooele,9133
G4900470,1940,Uintah,9898
G4900490,1940,Utah,57382
G4900510,1940,Wasatch,5754
G4900530,1940,Washington,9269
G4900550,1940,Wayne,2394
G4900570,1940,Weber,56714
G5000010,1940,Addison,17944
G5000030,1940,Bennington,22286
G5000050,1940,Caledonia,24320
G5000070,1940,Chittenden,52098
G5000090,1940,Essex,6490
G5000110,1940,Franklin,29601
G5000130,1940,Grand Isle,3802
G5000150,1940,Lamoille,11028
G5000170,1940,Orange,17048
G5000190,1940,Orleans,21718
G5000210,1940,Rutland,45638
G5000230,1940,Washington,41546
G5000250,1940,Windham,27850
G5000270,1940,Windsor,37862
G5100010,1940,Accomack,33030
G5100030,1940,Albemarle,24652
G5100050,1940,Alleghany,22688
G5100070,1940,Amelia,8495
G5100090,1940,Amherst,20273
G5100110,1940,Appomattox,9020
G5100130,1940,Arlington,57040
G5100150,1940,Augusta,42772
G5100170,1940,Bath,7191
G5100190,1940,Bedford,29687
G5100210,1940,Bland,6731
G5100230,1940,Botetourt,16447
G5100250,1940,Brunswick,19575
G5100270,1940,Buchanan,31477
G5100290,1940,Buckingham,13398
G5100310,1940,Campbell,26048
G5100330,1940,Caroline,13945
G5100350,1940,Carroll,25904
G5100360,1940,Charles City,4275
G5100370,1940,Charlotte,15861
G5100410,1940,Chesterfield,31183
G5100430,1940,Clarke,7159
G5100450,1940,Craig,3769
G5100470,1940,Culpeper,13365
G5100490,1940,Cumberland,7505
G5100510,1940,Dickenson,21266
G5100530,1940,Dinwiddie,18166
G5100550,1940,Elizabeth City,32283
G5100570,1940,Essex,7006
G5100590,1940,Fairfax,40929
G5100610,1940,Fauquier,21039
G5100630,1940,Floyd,11967
G5100650,1940,Fluvanna,7088
G5100670,1940,Franklin,25864
G5100690,1940,Frederick,14008
G5100710,1940,Giles,14635
G5100730,1940,Gloucester,9548
G5100750,1940,Goochland,8454
G5100770,1940,Grayson,21916
G5100790,1940,Greene,5218
G5100810,1940,Greensville,14866
G5100830,1940,Halifax,41271
G5100850,1940,Hanover,18500
G5100870,1940,Henrico,41960
G5100890,1940,Henry,26481
G5100910,1940,Highland,4875
G5100930,1940,Isle Of Wight,13381
G5100950,1940,James City,4907
G5100970,1940,King And Queen,6954
G5100990,1940,King George,5431
G5101010,1940,King William,7855
G5101030,1940,Lancaster,8786
G5101050,1940,Lee,39296
G5101070,1940,Loudoun,20291
G5101090,1940,Louisa,13665
G5101110,1940,Lunenburg,13844
G5101130,1940,Madison,8465
G5101150,1940,Mathews,7149
G5101170,1940,Mecklenburg,31933
G5101190,1940,Middlesex,6673
G5101210,1940,Montgomery,21206
G5101230,1940,Nansemond,22771
G5101250,1940,Nelson,16241
G5101270,1940,New Kent,4092
G5101290,1940,Norfolk,35828
G5101310,1940,Northampton,17597
G5101330,1940,Northumberland,10463
G5101350,1940,Nottoway,15556
G5101370,1940,Orange,12649
G5101390,1940,Page,14863
G5101410,1940,Patrick,16613
G5101430,1940,Pittsylvania,61697
G5101450,1940,Powhatan,5671
G5101470,1940,Prince Edward,14922
G5101490,1940,Prince George,12226
G5101510,1940,Princess Anne,19984
G5101530,1940,Prince William,17738
G5101550,1940,Pulaski,22767
G5101570,1940,Rappahannock,7208
G5101590,1940,Richmond,6634
G5101610,1940,Roanoke,42897
G5101630,1940,Rockbridge,22384
G5101650,1940,Rockingham,31289
G5101670,1940,Russell,26627
G5101690,1940,Scott,26989
G5101710,1940,Shenandoah,20898
G5101730,1940,Smyth,28861
G5101750,1940,Southampton,26442
G5101770,1940,Spotsylvania,9905
G5101790,1940,Stafford,9548
G5101810,1940,Surry,6193
G5101830,1940,Sussex,12485
G5101850,1940,Tazewell,41607
G5101870,1940,Warren,11352
G5101890,1940,Warwick,9248
G5101910,1940,Washington,38197
G5101930,1940,Westmoreland,9512
G5101950,1940,Wise,52458
G5101970,1940,Wythe,22721
G5101990,1940,York,8857
G5105100,1940,Alexandria City,33523
G5105200,1940,Bristol City,9768
G5105300,1940,Buena Vista City,4335
G5105400,1940,Charlottesville City,19400
G5105600,1940,Clifton Forge City,6461
G5105900,1940,Danville City,32749
G5106300,1940,Fredericksburg City,10066
G5106500,1940,Hampton City,5898
G5106600,1940,Harrisonburg City,8768
G5106700,1940,Hopewell City,8679
G5106800,1940,Lynchburg City,44541
G5106900,1940,Martinsville City,10080
G5107000,1940,Newport News City,37067
G5107100,1940,Norfolk City,144332
G5107300,1940,Petersburg City,30631
G5107400,1940,Portsmouth City,50745
G5107500,1940,Radford City,6990
G5107600,1940,Richmond City,193042
G5107700,1940,Roanoke City,69287
G5107805,1940,South Norfolk City,8038
G5107900,1940,Staunton City,13337
G5108000,1940,Suffolk City,11343
G5108300,1940,Williamsburg City,3942
G5108400,1940,Winchester City,12095
G5300010,1940,Adams,6209
G5300030,1940,Asotin,8365
G5300050,1940,Benton,12053
G5300070,1940,Chelan,34412
G5300090,1940,Clallam,21848
G5300110,1940,Clark,49852
G5300130,1940,Columbia,5549
G5300150,1940,Cowlitz,40155
G5300170,1940,Douglas,8651
G5300190,1940,Ferry,4701
G5300210,1940,Franklin,6307
G5300230,1940,Garfield,3383
G5300250,1940,Grant,14668
G5300270,1940,Grays Harbor,53166
G5300290,1940,Island,6098
G5300310,1940,Jefferson,8918
G5300330,1940,King,504980
G5300350,1940,Kitsap,44387
G5300370,1940,Kittitas,20230
G5300390,1940,Klickitat,11357
G5300410,1940,Lewis,41393
G5300430,1940,Lincoln,11361
G5300450,1940,Mason,11603
G5300470,1940,Okanogan,24546
G5300490,1940,Pacific,15928
G5300510,1940,Pend Oreille,7156
G5300530,1940,Pierce,182081
G5300550,1940,San Juan,3157
G5300570,1940,Skagit,37650
G5300590,1940,Skamania,4633
G5300610,1940,Snohomish,88754
G5300630,1940,Spokane,164652
G5300650,1940,Stevens,19275
G5300670,1940,Thurston,37285
G5300690,1940,Wahkiakum,4286
G5300710,1940,Walla Walla,30547
G5300730,1940,Whatcom,60355
G5300750,1940,Whitman,27221
G5300770,1940,Yakima,99019
G5400010,1940,Barbour,19869
G5400030,1940,Berkeley,29016
G5400050,1940,Boone,28556
G5400070,1940,Braxton,21658
G5400090,1940,Brooke,25513
G5400110,1940,Cabell,97459
G5400130,1940,Calhoun,12455
G5400150,1940,Clay,15206
G5400170,1940,Doddridge,10923
G5400190,1940,Fayette,80628
G5400210,1940,Gilmer,12046
G5400230,1940,Grant,8805
G5400250,1940,Greenbrier,38520
G5400270,1940,Hampshire,12974
G5400290,1940,Hancock,31572
G5400310,1940,Hardy,10813
G5400330,1940,Harrison,82911
G5400350,1940,Jackson,16598
G5400370,1940,Jefferson,16762
G5400390,1940,Kanawha,195619
G5400410,1940,Lewis,22271
G5400430,1940,Lincoln,22886
G5400450,1940,Logan,67768
G5400470,1940,McDowell,94354
G5400490,1940,Marion,68683
G5400510,1940,Marshall,40189
G5400530,1940,Mason,22270
G5400550,1940,Mercer,68289
G5400570,1940,Mineral,22215
G5400590,1940,Mingo,40802
G5400610,1940,Monongalia,51252
G5400630,1940,Monroe,13577
G5400650,1940,Morgan,8743
G5400670,1940,Nicholas,24070
G5400690,1940,Ohio,73115
G5400710,1940,Pendleton,10884
G5400730,1940,Pleasants,6692
G5400750,1940,Pocahontas,13906
G5400770,1940,Preston,30416
G5400790,1940,Putnam,19511
G5400810,1940,Raleigh,86687
G5400830,1940,Randolph,30259
G5400850,1940,Ritchie,15389
G5400870,1940,Roane,20787
G5400890,1940,Summers,20409
G5400910,1940,Taylor,19919
G5400930,1940,Tucker,13173
G5400950,1940,Tyler,12559
G5400970,1940,Upshur,18360
G5400990,1940,Wayne,35566
G5401010,1940,Webster,18080
G5401030,1940,Wetzel,22342
G5401050,1940,Wirt,6475
G5401070,1940,Wood,62399
G5401090,1940,Wyoming,29774
G5500010,1940,Adams,8449
G5500030,1940,Ashland,21801
G5500050,1940,Barron,34289
G5500070,1940,Bayfield,15827
G5500090,1940,Brown,83109
G5500110,1940,Buffalo,16090
G5500130,1940,Burnett,11382
G5500150,1940,Calumet,17618
G5500170,1940,Chippewa,40703
G5500190,1940,Clark,33972
G5500210,1940,Columbia,32517
G5500230,1940,Crawford,18328
G5500250,1940,Dane,130660
G5500270,1940,Dodge,54280
G5500290,1940,Door,19095
G5500310,1940,Douglas,47119
G5500330,1940,Dunn,27375
G5500350,1940,Eau Claire,46999
G5500370,1940,Florence,4177
G5500390,1940,Fond du Lac,62353
G5500410,1940,Forest,11805
G5500430,1940,Grant,40639
G5500450,1940,Green,23146
G5500470,1940,Green Lake,14092
G5500490,1940,Iowa,20595
G5500510,1940,Iron,10049
G5500530,1940,Jackson,16599
G5500550,1940,Jefferson,38868
G5500570,1940,Juneau,18708
G5500590,1940,Kenosha,63505
G5500610,1940,Kewaunee,16680
G5500630,1940,La Crosse,59653
G5500650,1940,Lafayette,18695
G5500670,1940,Langlade,23227
G5500690,1940,Lincoln,22536
G5500710,1940,Manitowoc,61617
G5500730,1940,Marathon,75915
G5500750,1940,Marinette,36225
G5500770,1940,Marquette,9097
G5500790,1940,Milwaukee,766885
G5500810,1940,Monroe,30080
G5500830,1940,Oconto,27075
G5500850,1940,Oneida,18938
G5500870,1940,Outagamie,70032
G5500890,1940,Ozaukee,18985
G5500910,1940,Pepin,7897
G5500930,1940,Pierce,21471
G5500950,1940,Polk,26197
G5500970,1940,Portage,35800
G5500990,1940,Price,18467
G5501010,1940,Racine,94047
G5501030,1940,Richland,20381
G5501050,1940,Rock,80173
G5501070,1940,Rusk,17737
G5501090,1940,St Croix,24842
G5501110,1940,Sauk,33700
G5501130,1940,Sawyer,11540
G5501150,1940,Shawano,35378
G5501170,1940,Sheboygan,76221
G5501190,1940,Taylor,20105
G5501210,1940,Trempealeau,24381
G5501230,1940,Vernon,29940
G5501250,1940,Vilas,8894
G5501270,1940,Walworth,33103
G5501290,1940,Washburn,12496
G5501310,1940,Washington,28430
G5501330,1940,Waukesha,62744
G5501350,1940,Waupaca,34614
G5501370,1940,Waushara,14268
G5501390,1940,Winnebago,80507
G5501410,1940,Wood,44465
G5600010,1940,Albany,13946
G5600030,1940,Big Horn,12911
G5600050,1940,Campbell,6048
G5600070,1940,Carbon,12644
G5600090,1940,Converse,6631
G5600110,1940,Crook,5463
G5600130,1940,Fremont,16095
G5600150,1940,Goshen,12207
G5600170,1940,Hot Springs,4607
G5600190,1940,Johnson,4980
G5600210,1940,Laramie,33651
G5600230,1940,Lincoln,10286
G5600250,1940,Natrona,23858
G5600270,1940,Niobrara,5988
G5600290,1940,Park,10976
G5600310,1940,Platte,8013
G5600330,1940,Sheridan,19255
G5600350,1940,Sublette,2778
G5600370,1940,Sweetwater,19407
G5600390,1940,Teton,2543
G5600410,1940,Uinta,7223
G5600430,1940,Washakie,5858
G5600450,1940,Weston,4958
G5600470,1940,Yellowstone National Park,416
